bus_gush,original_stop_id
100001,3
100005,1
10001,3
100011,5
100012,6
100016,1
100018,2
100021,1
100023,2
100025,2
100026,2
10004,1
100051,2
100053,3
100059,1
100060,2
100065,1
10008,10
100082,3
100084,12
10009,7
1001,1
10011,1
100110,2
100112,2
100116,3
100117,1
10012,7
10013,13
100130,1
10014,8
100141,4
100145,3
100146,8
100151,4
10016,9
100160,2
100165,6
100166,2
100167,2
100168,2
10017,1
100171,1
100177,7
100179,6
100184,8
100185,7
100198,3
100200,1
100214,9
100215,2
100217,2
100218,1
10022,2
100223,1
100224,6
100225,22
100226,11
100227,4
100229,1
10023,1
100231,20
100232,7
100235,8
100239,8
100240,8
100241,2
100242,12
100244,2
100245,1
100246,9
100248,1
100249,2
100251,4
100256,1
100257,6
100269,3
10027,5
100270,3
100271,2
100274,4
100276,5
100277,4
100279,4
100281,3
100282,10
100283,2
100285,2
100289,2
100299,4
100301,6
100303,3
100304,7
100305,2
100306,4
100307,3
100309,3
10031,1
100310,1
100313,1
100315,3
100319,10
10032,6
100320,1
100321,1
100322,1
100323,3
100325,7
100327,1
10033,1
100331,2
100332,3
100335,2
100338,1
100339,1
10034,9
100340,2
100342,3
100343,8
100344,1
100345,2
10035,2
100353,4
100354,2
10036,26
100360,2
100361,2
100362,1
100366,1
100367,2
10037,14
10038,7
10039,1
100392,4
100394,5
100398,3
10040,1
100400,5
10041,8
100411,1
100412,1
100413,1
100414,2
100415,3
100416,2
100417,4
100418,3
100419,1
10042,5
100422,10
100423,2
100424,1
100425,6
100426,6
100428,1
100429,1
100430,1
100436,2
100439,1
100440,1
100441,1
100445,4
100446,1
100447,1
10045,4
100452,5
100463,3
100464,2
100465,3
100466,5
100467,3
100476,1
100478,1
100479,5
10048,1
100480,2
100481,1
100482,1
100484,1
100485,1
100488,4
100489,2
10049,17
100493,2
100496,5
100497,1
100499,2
100516,1
100517,2
100518,1
100519,2
100520,2
100526,3
100527,1
100529,6
100530,1
10054,3
100548,1
100550,1
100556,1
100558,1
10056,2
100561,2
100563,4
100573,2
100574,1
100576,2
100577,2
100578,2
10058,3
100589,1
10059,2
100590,7
100592,1
100593,5
100594,2
100600,2
100602,2
100603,5
100606,5
100608,1
10061,6
100610,2
100611,2
100612,2
100613,3
100614,6
100616,1
100617,1
100618,4
100619,1
100620,1
100621,2
100622,4
100623,5
100624,4
10063,5
10064,6
100641,2
100648,2
100650,1
100654,4
100659,2
100660,3
100663,2
100664,2
100665,4
100666,4
100667,2
100677,1
100687,3
100688,1
100698,2
100700,1
100701,2
100705,1
10071,4
100710,1
10072,5
100722,1
100723,2
100727,2
10073,5
10074,14
100747,1
10075,8
100752,1
100753,1
10076,10
100760,2
100762,1
100763,1
100765,2
100770,1
100772,2
100773,1
100777,1
100779,1
100780,1
100782,2
100786,1
100787,2
100795,1
100797,5
10080,1
100802,1
100805,2
100806,3
100807,4
100812,3
100813,6
100815,9
100816,8
100817,2
100818,2
100819,2
10082,1
100820,2
100821,4
100824,5
100825,3
100827,1
100828,1
10084,4
100848,2
10085,2
100857,1
100859,6
10086,2
100860,12
100861,1
100863,1
100864,1
100866,2
100868,4
100872,4
100873,4
100875,2
10088,1
100887,2
10089,1
100894,3
100899,1
100902,1
100905,1
100906,1
100909,4
100910,1
100937,1
10095,2
10096,2
100962,4
100963,1
100964,3
10099,1
10101,8
10102,10
101029,2
10103,9
10104,7
10105,6
10106,2
10107,4
10108,1
101085,1
10109,6
10110,2
10111,5
10112,2
10114,3
10117,2
10118,1
10119,7
10121,5
10122,9
10123,13
10124,1
10129,1
10130,1
10131,7
10132,2
10133,1
10142,4
10143,3
10144,2
10145,3
10146,3
10147,2
10148,1
10151,4
10152,3
10158,1
10159,2
10160,9
10162,1
10168,3
10172,7
10173,2
10174,3
10195,8
10197,3
10198,2
10200,2
10202,11
10204,3
10206,2
10207,4
10209,1
10215,16
10221,1
10223,1
10231,1
10232,8
10236,4
10240,1
10251,1
10254,2
10256,10
10257,17
10259,9
10260,2
10261,2
10262,9
10264,5
10265,3
10268,3
10270,7
10271,1
10272,2
10273,1
10274,4
10275,2
10276,6
10277,5
10279,1
10280,4
10281,3
10282,2
10283,1
10284,6
10285,6
10286,16
10287,5
10293,3
10294,3
10296,1
10297,2
10300,3
10301,1
10308,1
10309,2
10313,1
10314,4
10315,1
10318,6
10323,1
10329,1
10333,9
10334,2
10335,1
10341,3
10342,2
10343,8
10344,4
10345,9
10346,6
10348,1
10350,3
10361,6
10364,1
10365,4
10366,2
10367,3
10368,8
10369,1
10375,3
10376,5
10381,6
10384,5
10391,2
10393,7
10394,1
10395,4
10397,7
10398,6
10399,4
10402,7
10403,11
10408,2
10410,2
10411,3
10412,4
10413,4
10417,3
10419,2
10420,3
10421,25
10422,7
10423,10
10425,2
10426,36
10427,1
10428,10
10430,6
10431,10
10432,1
10443,1
10444,67
10445,4
10446,6
10447,3
10448,2
10449,3
10450,3
10451,3
10452,2
10457,4
10460,6
10469,1
10473,3
10474,4
10476,2
10477,2
10478,1
10484,2
10498,1
1050,1
10500,2
10502,12
10503,2
10504,5
10506,4
10507,4
10508,3
10509,3
10511,4
10512,1
10514,1
10526,2
10529,5
10534,3
10535,3
10539,1
1054,1
10540,4
10541,2
10545,2
10546,1
10552,1
10553,2
10554,1
10562,8
10568,2
10569,6
10570,12
10571,11
10572,6
10580,3
10586,1
10588,1
10589,2
10591,3
10592,8
10593,6
10594,2
10600,11
10601,2
10602,1
10606,4
10607,9
10611,3
10613,1
10615,3
10618,2
10620,8
10621,1
10622,1
10623,1
10625,2
10626,7
10627,1
10628,9
10629,7
10634,2
10635,3
10636,2
10638,5
10639,5
10643,1
10646,8
10650,7
10653,2
10654,1
10662,1
10666,2
10671,1
10673,5
10674,7
10675,6
10676,3
10677,7
10678,5
10679,8
10684,1
10686,4
10689,1
10707,2
10713,3
10717,4
10723,1
10724,1
10725,1
10726,3
10728,1
10730,3
10733,6
10735,9
10736,6
10737,26
10738,3
10739,1
10741,4
10743,12
10744,6
10745,6
10746,4
10747,4
10749,9
10750,2
10751,2
10756,3
10759,5
10760,1
10761,1
10763,5
10764,9
10765,1
10767,5
10768,1
10769,1
10770,7
10773,5
10778,2
10779,9
10780,4
10781,2
10782,5
10783,6
10784,3
10785,6
10786,3
10787,2
10789,1
10792,9
10794,5
10796,5
10797,9
10798,7
10800,5
10801,2
10802,5
10803,10
10804,17
10806,5
10807,5
10808,6
10814,4
10815,2
10816,9
10817,6
10818,3
1082,1
10822,1
10825,5
10827,1
10828,1
10829,5
1083,4
10830,1
10839,3
10840,3
10841,2
10842,1
10845,1
10864,5
10870,16
10873,4
10874,8
10875,1
10876,4
10877,3
10878,5
10881,12
10882,4
10885,4
10886,1
10889,3
10890,2
10892,7
10893,4
10896,1
10897,2
10898,1
1090,1
10902,5
10906,12
10908,5
10910,12
10912,1
10913,9
10914,5
10915,2
10916,14
10917,3
10918,7
10919,6
10920,8
10921,5
10922,3
10923,9
10925,7
10930,2
10937,5
10964,10
10969,1
10971,1
10973,4
10988,1
10989,5
11001,2
11002,1
11006,7
11008,4
11009,4
11010,4
11011,4
11012,3
11013,2
11014,6
11015,3
11017,3
11018,3
11021,3
11022,1
11023,6
11024,4
11025,1
11028,1
11033,1
11034,1
11035,1
11036,2
11037,2
11039,7
11040,3
11041,1
11042,2
11049,2
11051,1
11052,2
11069,1
11081,2
11083,3
11090,4
11091,2
11092,1
11093,8
11094,3
11095,1
11096,3
11097,3
11098,13
11112,1
11113,4
11116,4
11120,9
11125,1
11132,5
11134,4
11136,2
11139,2
11143,2
11144,20
11145,24
11146,5
11170,4
11175,1
11179,3
1118,3
11181,1
11182,3
11183,1
11184,12
11185,7
11189,4
11190,4
11191,14
11192,19
11193,18
11194,15
11195,8
11196,12
11200,16
11201,7
11202,7
11203,8
11204,3
11206,1
11207,1
11208,10
11209,9
11210,2
11211,3
11212,9
11213,4
11214,1
11215,7
11217,15
11218,1
11219,1
11229,3
11230,3
11231,18
11232,1
11233,1
11235,7
11236,6
11237,1
11238,1
11243,2
11251,1
11252,7
11269,6
11270,4
11273,1
11275,1
11277,4
11278,3
11281,1
11285,6
11286,3
11288,19
11289,1
11290,3
11292,3
11293,2
11294,1
11296,4
11297,6
11298,4
11300,5
11301,4
11302,2
11303,4
11304,1
11306,3
11307,4
11308,14
11309,4
11316,2
11317,1
11318,3
11320,4
11321,1
11322,2
11323,2
11325,1
11326,1
11345,1
11346,1
11347,1
11357,2
11358,1
11359,7
11373,4
11374,2
11375,2
11376,1
11377,5
11379,6
11383,5
11385,3
11388,5
11389,3
11392,4
11393,9
11394,13
11395,3
11396,2
11398,14
11399,9
11400,8
11403,1
11407,1
11408,2
11410,6
11411,1
11412,2
11413,2
11422,1
11423,1
11438,2
11450,7
11467,1
11486,1
11492,4
11494,1
11495,5
11502,13
11504,1
11506,14
11507,5
11508,25
11509,25
11511,2
11519,2
11520,1
11521,2
11522,5
11523,4
11524,3
11531,1
11534,4
11535,1
11538,1
11539,4
11542,3
11543,1
11547,10
11548,2
11550,4
11553,2
11554,1
11555,3
11561,3
11562,6
11564,4
11566,2
11567,20
11569,4
11571,4
11572,11
11573,7
11574,4
11575,4
11576,5
11577,3
11578,7
11579,2
11580,2
11581,1
11582,2
11583,3
11585,6
11586,8
11587,1
11589,5
11590,5
11595,5
11600,3
11601,2
11603,1
11604,14
11605,1
11608,2
11609,2
11610,1
11612,1
11613,1
11614,1
11620,1
11625,2
11630,3
11636,5
11637,1
11639,3
1164,4
11640,3
11641,2
11645,1
11646,2
11647,2
1165,1
11657,1
11658,31
1166,2
11660,2
11661,3
11665,1
11666,1
11670,1
11672,2
11673,3
11676,1
11677,2
11679,1
11680,1
11681,3
11686,1
11688,5
11691,2
11692,1
11696,2
11706,2
11713,1
11718,2
11720,9
11726,3
11727,1
11728,2
11738,1
11742,4
11748,1
11750,2
11769,3
11770,1
11772,1
11773,2
11774,2
11779,3
11796,1
11806,2
11807,2
11829,3
11833,4
11834,4
11866,3
11879,8
11880,7
11881,4
11882,4
11893,1
11895,1
11901,2
11902,1
11923,1
11943,4
11946,3
1195,1
11956,1
11959,1
11960,3
11984,5
12005,1
1201,8
12060,1
12062,1
1207,3
1208,4
12088,8
12089,8
12090,10
12105,6
12106,3
12124,15
12125,5
12126,5
12128,14
12129,9
12130,3
12131,4
12132,9
12134,2
12135,1
12136,2
12137,2
1214,3
12146,4
12148,8
12153,2
12154,1
12156,7
12157,6
12158,2
12159,1
1216,2
12164,1
12165,9
12166,6
12168,1
12169,3
1217,1
12173,2
12175,2
12176,3
12178,2
12179,1
12189,4
12191,4
12193,5
12194,2
1220,4
12200,3
12201,6
12202,2
12206,5
12207,8
12208,5
12209,6
12210,5
12211,2
12212,4
12216,3
12217,1
12218,3
12219,1
1222,5
12222,1
12223,2
12224,1
12225,5
12226,3
12233,1
12235,2
12238,5
12245,4
12246,1
12248,1
1225,3
12252,5
12254,6
12255,4
12256,3
12257,4
12259,2
12263,8
12264,4
1228,2
12286,5
12292,7
12298,1
12299,1
1230,2
12300,1
1231,4
12311,1
12312,3
12313,1
12314,2
12315,1
12316,1
12320,1
12321,3
12325,1
12326,1
12327,1
12328,2
12330,1
12336,1
12337,1
1234,1
12341,3
12342,2
12345,2
12346,4
12347,1
12348,3
12349,3
12350,4
12351,2
12352,1
12353,2
12361,1
12367,1
12371,1
12377,9
12378,5
12379,9
1238,2
12380,6
12381,1
1239,1
12398,1
12408,13
1241,3
12414,2
12416,5
12418,4
12419,5
12420,5
12423,1
12426,4
12427,7
12429,2
12430,2
12432,1
12433,2
12434,1
12447,4
12448,3
12449,2
12451,1
12453,2
12455,2
12456,2
12458,1
12459,3
12460,1
12461,3
12463,2
12465,1
12466,2
12470,1
12473,1
12474,1
12477,1
12478,2
12479,1
12481,2
12482,3
12483,2
12484,1
12485,2
12486,1
12487,1
12489,3
12494,1
12495,1
12496,2
12497,1
12498,1
12502,1
12504,1
12505,1
12506,1
12508,3
12510,4
12512,2
12513,1
12514,1
12516,1
12517,2
12524,2
12525,3
12528,1
12533,4
12540,1
12565,7
12566,3
12567,5
12568,4
12569,4
12570,3
12572,3
12573,1
12576,1
12577,2
12578,2
12579,4
12581,1
12583,5
12584,2
12589,4
12590,1
12592,1
12593,1
12595,1
12597,2
12598,2
12605,4
12606,3
12607,2
12608,2
12611,6
12612,3
12613,3
12614,3
12615,8
12617,1
12627,1
12635,1
12639,1
12640,2
12642,1
12643,1
12649,2
12652,4
12669,2
12670,3
12671,3
12672,2
12673,4
12675,2
12678,3
12679,7
12687,3
12688,2
12693,1
12705,2
12706,6
12707,4
12710,2
12713,1
12714,2
12716,7
12721,7
12722,4
12723,5
12726,2
12728,7
12740,2
12741,7
12742,3
12756,5
12757,2
12759,1
12760,5
12771,11
12773,1
12774,9
12779,2
12780,1
12783,3
12784,1
12792,3
12793,2
12794,4
12797,5
12798,7
12815,1
12816,1
12820,2
12842,2
1296,1
1297,2
13032,2
13046,1
13048,3
13049,1
13052,8
13053,1
13073,3
13074,7
13075,8
13076,14
13077,2
13086,1
13088,2
13089,1
13093,4
13097,7
13100,2
13101,3
13106,6
13107,3
13109,10
13110,4
13125,5
13126,4
13127,4
13135,6
13141,2
13143,1
13144,2
13145,8
13147,3
13148,3
13150,1
13151,3
13161,3
13162,9
13163,8
13164,2
13167,6
13168,10
13169,2
13183,3
13184,1
13185,1
13195,7
13196,3
13201,1
13202,3
13203,4
13211,2
13214,3
13215,2
13218,7
13219,4
1323,3
13234,2
13235,1
13237,5
13239,2
13246,4
13247,3
13248,2
13260,1
13265,1
13266,2
13280,1
13292,2
13299,1
13314,2
13327,1
13328,5
13329,2
13330,2
13340,2
13349,2
13350,1
13352,1
13355,2
13356,1
13358,2
13359,2
1336,1
1337,1
13376,6
13378,5
13379,3
13387,2
13396,4
13397,1
13412,1
13413,2
13414,1
13416,1
13445,1
13446,1
13449,2
13460,2
13461,9
13463,1
13466,5
13469,2
13486,1
13488,2
13489,1
13492,2
13493,6
13494,2
13499,1
13501,1
13503,4
1353,12
13545,2
13546,1
13548,3
13550,3
13552,4
13553,3
13560,1
13563,4
13564,2
13578,3
13587,4
13602,2
13603,2
13605,3
13607,2
13619,3
13637,4
13655,1
13656,7
13659,3
13662,2
13675,6
13677,3
13688,4
13689,4
13695,2
13696,2
13697,5
13698,14
13703,2
13755,1
13756,1
13776,1
13784,1
13796,3
13804,1
13814,1
13836,2
13837,3
13838,1
13842,1
13847,2
13848,1
13854,3
13855,2
13856,2
13863,2
13868,2
13893,4
13894,3
13895,1
13899,1
13902,1
13903,2
13907,1
13912,2
13918,2
13919,2
13920,2
13925,2
13926,2
13929,4
13930,3
13932,1
13934,2
13935,1
13936,2
13938,2
13940,2
13942,2
13943,4
13945,3
13946,2
13947,14
13949,4
13950,1
13953,4
13955,2
13959,2
13961,3
13964,2
13976,7
13978,3
13979,2
13981,1
13985,7
13987,4
13989,2
13990,2
13994,1
13995,2
13996,1
14001,1
14006,1
14007,1
14009,1
14011,3
14026,1
14030,1
14036,2
14037,3
14045,2
14059,2
14068,4
14076,1
14078,3
14081,1
14082,3
14084,5
14107,4
14108,2
14109,2
14110,2
14118,1
14120,1
14146,1
14148,2
14149,2
14151,4
14157,1
14158,1
14162,1
14165,1
14173,1
14176,2
14179,2
14185,1
14192,2
14207,1
14212,4
14213,1
14214,1
14215,1
14224,2
14233,2
14240,1
14254,4
14267,3
14269,2
14270,1
14280,1
14283,1
14311,3
14338,2
14339,2
1434,1
14354,5
14360,1
14367,1
14395,2
14396,1
14397,1
14412,2
14418,3
14454,1
14455,1
14465,2
14616,1
14620,1
14646,1
1466,2
14670,3
14671,1
14674,3
14675,1
14676,3
14679,1
1468,2
14688,2
14718,2
14719,2
1473,1
1476,1
1499,4
1500,7
15001,3
15002,2
15004,2
15006,1
15008,2
15013,15
15026,1
15028,1
15029,1
15030,8
15032,2
15033,3
15034,6
15035,4
15036,8
15037,5
15038,4
15040,1
15042,3
15044,2
15045,3
15051,2
15053,2
15054,4
15059,2
15061,6
15062,14
15063,13
15069,2
15070,3
15075,5
15076,1
15077,1
15078,4
15079,5
15083,1
15086,6
15097,2
15098,3
15102,4
15107,2
15109,3
15115,1
15116,2
15117,2
15126,1
15127,4
15128,2
15129,1
15134,2
15140,1
15141,1
15152,1
15153,3
15154,1
15159,10
15162,1
15163,5
15166,4
15168,1
15170,5
15172,4
15173,1
15174,1
15176,4
15177,3
15181,1
15204,4
15205,2
15217,3
15225,2
15228,1
15243,1
15244,5
15248,1
15249,6
15278,3
15279,12
15280,6
15282,8
15283,3
15284,15
15285,6
15286,4
15287,2
15288,8
15301,2
15305,1
15307,3
15308,9
15309,8
15317,4
15321,2
15322,3
15323,2
15324,5
15325,1
15327,1
15328,3
15329,1
1533,5
15330,2
15331,2
15333,2
15334,2
15338,1
15339,1
1534,7
15341,2
15343,1
15345,6
15346,2
15371,1
15408,1
15411,5
15412,15
15416,1
15421,6
15423,2
15428,3
15437,6
15439,1
15442,3
15443,3
15457,1
15462,4
15471,3
15472,3
15473,1
15474,4
15475,1
15476,1
15499,2
15510,3
15513,3
15514,1
15515,3
15516,1
15517,1
15519,2
15520,1
15523,2
15524,6
15525,1
15526,1
15527,2
15537,1
15538,6
15547,1
15553,4
15556,1
15558,13
15561,5
15562,1
15563,2
15565,3
15566,3
15568,13
15569,4
15575,3
15576,11
15577,4
15578,2
15580,1
15581,3
15582,1
15592,1
15597,4
15601,1
15603,1
15604,5
15605,1
15609,7
15610,3
15611,1
15618,1
15619,9
15620,1
15621,1
15622,4
15623,10
1563,1
15635,6
15636,3
15638,1
1564,4
15640,2
15642,1
15643,1
1565,3
15650,2
15653,1
15661,4
15668,1
15669,3
15672,1
15674,3
15702,1
15703,2
15707,1
15710,1
15711,1
15713,1
15714,4
15715,3
15716,7
15718,1
15722,1
15728,2
15749,1
15751,1
15752,1
15757,1
15759,1
15761,4
15766,1
15771,1
15773,2
15776,1
15785,1
15791,8
15792,8
15793,10
1592,3
1616,1
1643,1
1649,2
16501,2
16502,1
16503,1
16505,2
16507,5
16508,4
16509,1
16510,4
16511,4
16512,1
16513,2
16515,1
16516,5
16517,2
16518,4
16519,3
16520,2
16521,1
16522,3
16523,1
16524,3
16526,2
16527,3
16529,1
1653,3
16530,12
16531,12
16532,15
16533,15
16534,6
16535,8
16536,5
16537,4
16538,9
16539,5
16541,3
16542,2
16543,11
16544,3
16547,2
16548,1
1655,3
16555,5
16556,3
16557,8
16558,1
1656,4
16561,25
16562,13
16563,2
16564,10
16565,2
16566,3
16568,2
1657,7
16571,3
16572,9
16577,14
16578,16
16579,14
16580,8
16581,11
16582,2
16583,3
16590,1
16593,1
16614,2
16615,1
16620,3
16622,3
16624,1
16625,4
16629,1
16632,1
16637,2
16638,1
16642,4
16643,1
16646,1
16649,2
16650,7
16651,6
16652,5
16653,4
16654,1
16655,1
16656,5
16657,2
16658,2
16659,5
16660,7
16661,16
16662,4
16663,1
16670,3
16672,1
16673,2
16681,1
16682,1
16683,2
16689,1
16691,3
16692,1
16696,1
16697,2
16698,4
16699,3
16700,4
16701,5
16702,5
16703,1
16705,1
16706,4
16707,1
16708,1
16710,2
16711,2
16712,1
16718,1
16725,2
16726,1
16727,1
16729,1
16732,7
16733,1
16734,1
16738,2
16739,2
16741,4
16742,2
16743,1
16744,2
16745,2
16746,2
16749,1
16756,7
16757,7
16758,2
16759,4
16760,2
16761,2
16762,2
16770,1
16771,1
16774,4
16779,3
16786,2
16789,4
16808,1
16811,4
16813,1
16815,1
16820,2
16824,8
16825,4
16829,1
16839,5
16851,1
16873,8
16874,6
16875,10
16877,7
16878,8
16879,4
16880,10
16881,1
16882,2
16884,1
16886,3
16889,1
16902,1
16903,1
16904,2
16905,5
16906,2
16908,1
16917,1
16927,2
16935,9
16936,5
16937,5
16938,3
16939,1
1694,5
16940,5
16941,3
16948,1
1695,3
16962,4
16969,3
16971,12
1698,4
16985,2
16986,1
16989,1
1699,1
16995,3
16999,1
1700,1
17000,3
17001,1
17002,1
17009,1
17011,3
17032,2
17037,5
17039,2
17041,2
17047,1
17048,1
17049,2
17051,1
17053,2
17054,1
17060,10
17061,1
17079,1
17081,7
17082,3
17087,1
17093,1
17109,1
17110,1
17111,1
17112,1
17114,5
17115,3
17119,1
17124,6
17125,3
17130,6
17133,5
17134,2
17142,4
17143,5
17145,2
17146,4
17150,6
17155,2
17156,2
17157,6
17158,1
17166,2
17172,4
17177,2
17178,1
17190,2
17191,7
17196,1
17198,5
17199,1
17200,2
17202,1
17203,1
17204,5
17206,6
17208,1
17209,1
17215,7
17216,5
17217,1
17230,2
17234,8
17235,3
17240,1
1727,1
17286,5
17287,3
17288,3
1729,1
17296,1
17303,3
17306,1
17315,1
17333,2
17334,2
17340,2
17341,1
17343,7
17344,2
17360,1
17361,4
17368,2
17369,2
17370,4
17371,1
17376,3
17377,9
17378,1
17379,2
17381,1
17384,4
17385,1
17386,2
17387,5
17390,3
17391,2
17393,5
17394,11
17395,4
17396,7
17397,15
17398,8
17399,1
17414,14
17426,1
17427,3
17439,2
17444,8
17445,3
17446,7
17450,3
17451,2
17453,3
17454,2
17455,12
17456,2
17457,8
17458,2
17463,10
17464,4
17465,9
17468,4
17469,1
17470,6
17471,4
17476,3
17477,3
17479,1
17480,14
17482,8
17483,10
17484,9
17485,3
17486,16
17488,2
17490,3
17492,5
17493,10
17494,16
17495,7
17496,4
17499,6
17500,2
17501,3
17502,13
17507,1
17510,4
17511,7
17512,4
17518,2
17519,4
17522,4
17524,1
17526,4
17527,3
17528,2
17529,4
17532,6
17533,12
17540,8
17541,1
17546,5
17547,3
17555,2
17556,2
17562,6
17564,1
17568,2
17570,2
17571,1
17572,2
17573,2
17578,1
17581,5
17585,2
17589,2
17590,2
17591,1
17593,1
17594,2
17606,2
17610,2
17618,1
17626,4
17627,4
17645,4
17650,2
17653,1
17654,2
17655,1
17656,7
17662,1
17669,2
17670,5
17677,4
17679,2
17680,3
17681,1
17682,1
17688,3
17692,2
17693,1
17694,2
17695,5
17697,12
17699,1
17700,4
17701,4
17722,1
17723,1
17731,4
17732,5
17733,4
17734,5
17735,7
17736,1
17738,4
17740,1
17741,6
17742,1
17743,2
17744,3
17746,3
17747,4
17748,6
17749,7
17750,9
17752,6
17754,1
17755,2
17759,1
17761,5
17762,3
17763,4
17764,6
17765,6
17766,4
17768,6
17769,10
1777,1
17770,5
17771,10
17772,4
17773,5
17774,3
17776,5
17778,2
17780,9
17781,5
17784,3
17785,2
17789,3
17790,2
17793,2
17801,4
17803,6
17804,1
17805,5
17806,10
17808,3
17809,10
1781,7
17818,1
17819,5
17820,4
17821,3
17822,3
17825,3
17827,5
17832,11
17833,10
17834,6
17835,8
17838,1
17856,2
17862,2
17864,1
17868,2
17871,1
17890,1
180,8
18001,2
18003,6
18004,2
18005,5
18006,5
18008,4
18016,2
18017,4
18018,2
18019,3
18020,4
18021,2
18024,3
18033,3
18036,5
18039,2
18040,3
18041,3
18042,3
18043,2
18044,1
18051,3
18056,4
18057,5
18080,2
18091,1
18097,1
181,4
18103,8
18104,5
18105,4
18106,3
18107,4
18108,4
18110,3
18112,2
18133,2
18135,8
18137,4
18138,6
18146,8
18147,3
18148,1
18149,1
18150,3
18151,5
18161,12
18162,5
18165,1
18166,2
18168,3
18169,2
18170,1
18171,3
18172,17
18174,2
18175,3
18177,2
18182,9
18189,5
182,1
18206,6
18207,5
18208,8
18209,5
18210,1
18211,1
18214,7
18217,1
18221,11
18225,2
18243,3
18244,1
18251,1
18253,3
18254,2
18255,1
18260,3
18289,4
18297,1
183,4
18306,1
18317,4
1832,3
18322,2
18327,2
18329,4
18330,7
18332,2
18359,2
18362,2
18365,2
18367,5
18368,1
18369,4
1837,2
18371,2
18372,1
18373,2
18374,5
18375,3
18376,3
18378,3
18385,1
18388,2
1839,4
18390,1
18391,2
18398,1
18400,3
18401,1
18403,4
18407,10
18409,3
18410,7
18411,2
18418,4
18420,4
18424,2
18429,1
18430,2
18431,2
18435,1
18438,1
18439,2
18440,4
18441,6
18442,2
18448,2
18449,3
18451,5
18456,1
18458,3
18459,2
18460,1
18461,1
18480,4
18481,2
18482,5
18484,2
18485,2
18486,2
18487,1
18488,1
18489,1
18503,3
18504,1
18505,8
18506,2
18507,3
18508,3
18510,3
18513,2
18520,1
18521,3
18525,2
18529,4
18530,3
18531,1
18535,3
18538,10
18539,5
18542,7
18543,2
18548,1
18549,1
18552,2
18555,1
18556,1
18557,1
18564,5
18565,12
18566,11
1857,1
18576,1
18577,2
18579,7
18581,10
18582,1
18583,6
18584,1
18585,7
18586,3
18588,5
18594,5
18595,1
18597,2
18598,3
1860,2
18601,3
18615,9
18617,1
18619,3
18629,1
18630,5
18631,1
18633,4
18634,1
18637,1
18638,4
18640,1
1866,7
18663,1
18666,4
18670,1
18674,4
18675,1
18679,5
18682,1
18685,4
18687,3
18689,3
18697,1
187,2
1870,1
18706,8
18707,3
18708,6
18710,4
18718,1
18719,4
18721,9
18725,1
18726,1
18727,2
18728,1
18730,2
18732,2
18736,1
18737,2
18749,7
18750,2
18751,1
18752,2
18754,1
18755,3
18756,1
18763,4
18764,5
18765,3
18766,2
18767,2
18768,2
18769,4
18770,1
18772,2
18773,2
18774,1
18775,1
18776,2
18778,3
18779,2
18783,1
18788,10
18789,7
18790,5
18794,3
18795,16
18796,2
18798,1
18799,2
18800,5
18801,4
18802,2
18803,4
1881,15
18810,3
18811,1
18813,1
18814,2
18815,1
18816,1
18817,2
18818,4
18819,3
1882,1
18820,2
18821,3
18822,1
18829,2
18833,5
18834,4
18835,3
18838,3
18839,4
1884,1
18840,4
18842,1
18848,1
1885,6
18850,2
18853,2
18854,1
18855,3
18856,1
18859,1
1886,1
18861,2
18866,1
18868,1
18869,2
18878,2
1888,1
18885,2
18886,7
18887,5
1889,4
18898,5
18899,14
18904,1
18907,2
18909,1
18913,2
18920,1
18924,3
18926,2
18928,2
18929,3
18930,1
18932,2
18933,2
18934,2
18935,3
18936,2
18947,4
18948,4
18949,3
1895,3
18958,1
18959,1
1896,5
18963,5
18965,6
18966,3
18968,1
18969,4
1897,2
18970,1
18971,1
18972,5
18973,1
18975,2
18976,4
1898,3
18982,5
18983,6
18984,5
18987,3
18988,10
1899,4
18991,3
18994,1
18997,4
18998,3
18999,1
1900,6
19000,1
19002,4
19003,4
19005,2
19006,5
19009,6
1901,3
19011,2
19013,2
19015,2
19016,2
19017,2
1902,5
19020,3
19021,3
19022,2
19023,8
19024,3
19032,1
19033,1
19034,1
19036,1
19037,2
19039,2
1904,6
19040,5
19042,1
19050,2
19051,7
19052,3
19054,2
19055,1
19056,1
19057,3
1906,5
19061,2
19062,9
19063,2
19065,4
19067,11
19069,4
1907,2
19070,3
19072,5
19076,7
19077,4
19078,4
19079,4
1908,2
19080,7
19084,1
19087,2
19088,1
1909,11
19090,1
19091,4
19092,1
19094,5
19095,1
19097,4
19101,1
19103,1
1911,6
19113,2
19121,1
19122,1
19124,1
19125,3
19126,4
19129,1
1913,3
19130,3
19131,1
19139,1
1914,5
19147,1
19149,3
1915,3
19156,2
19158,6
19159,8
1916,5
19160,12
19162,1
19165,1
19167,1
19168,4
19170,5
19171,1
19173,3
19180,1
19182,2
19183,3
19184,1
19188,1
19190,2
19191,1
19192,3
19194,3
19196,1
19198,1
19200,6
19201,1
19203,12
19204,11
19205,3
19217,1
19222,2
19225,1
19227,1
19228,2
19229,3
19232,3
19247,3
19255,1
19259,4
19261,2
19263,1
19265,1
19269,4
19270,6
19271,7
19274,1
19277,7
19278,7
19279,4
19280,4
19281,9
19282,3
19283,1
19284,2
19285,9
19287,1
1929,2
19290,6
19291,2
1930,1
1931,15
19311,1
19313,5
19314,6
19315,9
19316,5
19317,7
19318,1
19319,2
1932,6
19321,3
19322,1
1933,5
1934,3
19347,2
1935,5
19353,6
19356,2
1936,1
19362,1
1937,19
19377,2
19379,3
1938,9
19380,2
19381,2
19382,2
19383,3
1939,1
19396,1
19397,1
19398,2
19399,2
1940,5
19403,1
19404,4
1941,3
19412,4
19418,6
19419,5
1942,7
19425,5
1943,5
19430,6
19434,2
19435,1
19436,2
19438,1
19439,3
1944,1
19440,1
19443,3
19445,1
19456,2
19457,1
1946,1
19462,2
19464,4
19466,2
19467,2
1947,1
19475,6
19476,3
19482,4
19484,2
1950,1
19501,2
19502,1
19503,5
19505,1
19507,2
19508,2
19509,1
19511,1
19512,2
19515,3
19516,2
19517,1
19518,4
19526,1
19541,1
19542,3
19550,2
19575,2
19576,2
19578,1
19579,2
1958,6
19581,2
19582,1
19584,1
19586,2
19588,1
1959,7
19590,6
19591,4
19593,1
19596,1
1960,3
19600,3
19601,5
19605,1
19608,5
19609,11
1961,9
19610,2
19615,1
19617,2
19620,1
19628,1
19632,1
19633,8
19634,3
19635,1
19639,1
1964,4
19640,1
19641,2
19643,5
19644,1
19645,1
19646,1
1965,3
1966,10
19684,2
19688,2
19693,1
19695,1
19697,1
19704,5
19712,3
19713,2
19720,3
19727,1
19730,5
19731,2
19732,4
19733,8
19735,1
19738,1
19741,1
19742,8
19752,2
19757,5
19758,3
19760,1
19764,2
19786,2
19787,9
19790,2
19801,3
19810,2
19811,1
19813,2
19816,3
19820,1
19833,1
19834,3
19840,9
19841,1
19842,1
19844,1
19845,4
19848,2
19858,1
19859,4
19862,2
19866,1
19871,6
19872,6
19873,6
19874,6
19875,2
19876,2
19884,1
19888,3
19889,1
19890,2
19892,3
19897,2
19899,2
19901,7
19903,1
19904,1
19905,1
19914,3
19915,2
19918,2
19922,3
19923,2
19924,3
1993,5
19935,2
19936,2
1994,3
19940,1
19942,5
19943,6
19944,2
19945,2
19946,6
19949,1
1995,3
19953,2
19957,1
19959,4
1996,4
19965,4
19966,1
1997,3
1998,5
20000,1
200000,71
200001,8
20012,3
20013,5
20014,1
2003,2
20039,2
201000,93
201007,1
201023,1
201033,2
201036,1
201037,2
201039,1
201041,1
201043,1
201045,2
201046,1
201047,1
201048,1
2019,1
202000,50
202011,1
202014,1
2022,6
2023,6
20251,1
20252,1
20253,1
2026,1
20266,2
20270,1
20278,2
20279,2
2028,2
20283,1
20284,1
2029,4
20300,3
203000,6
203012,2
203017,1
20303,1
20305,2
20312,1
20313,2
20331,2
20332,4
20338,1
20339,5
20340,17
20341,10
20344,2
20345,2
20346,2
20354,2
20356,2
20359,2
20363,1
20364,4
20366,4
20369,1
20372,2
20382,3
20384,1
20390,2
20396,4
20398,4
20400,2
20403,1
20407,1
20409,1
20410,2
20411,2
20412,1
20413,7
20414,2
20417,5
20418,3
20424,2
20426,3
20427,2
20450,3
20462,1
20463,1
20535,2
20543,3
20565,2
20568,1
20569,3
20570,1
20572,1
20573,2
2058,2
2059,4
2060,2
2061,11
20611,1
20612,1
20613,4
20614,1
20615,4
20616,3
2062,8
2065,6
2066,8
2067,5
2068,8
2069,1
2071,16
20718,5
20719,1
2072,26
20720,1
20726,1
2073,4
20733,1
20734,2
2074,9
20748,4
20751,3
20753,2
20764,1
20766,2
20768,3
2077,7
20770,2
20775,1
20781,2
20782,5
20785,2
20786,1
2080,3
2085,1
20854,1
20855,3
2086,10
20862,3
20871,2
2088,3
20880,1
20883,1
20902,1
20907,1
20958,3
20960,2
20964,2
20968,1
20969,1
20983,7
20984,2
20985,2
20986,2
20987,1
21024,1
21064,6
21065,6
21072,1
21073,6
21074,2
21075,2
21076,5
21090,3
21091,2
21092,1
21093,4
21116,1
21118,4
21119,1
21120,9
21129,1
21130,2
21133,1
21134,3
21135,14
21138,1
21163,1
21165,2
21166,7
21186,1
21189,1
21201,1
21209,1
2143,1
2166,1
2177,2
2188,6
2189,5
2190,7
2191,3
2192,2
2193,3
2194,7
2195,4
2197,2
2203,3
2212,1
2218,5
2235,3
2250,2
22503,4
2251,4
22515,5
22521,1
22573,2
22574,7
22639,3
22640,1
22641,1
22643,6
22665,6
22756,5
22761,3
22764,1
22802,1
22803,4
22804,1
22863,3
22864,7
22865,3
22866,1
22868,4
22870,3
22876,16
22877,7
22885,3
22888,1
22889,5
22903,1
22907,5
22912,7
22913,5
22914,2
22916,3
22917,2
22918,4
22919,6
22923,7
2295,1
2296,2
22964,4
22965,3
22966,2
2297,2
2298,3
22986,5
22998,2
23008,2
23012,2
23013,2
23014,2
23018,1
2302,2
23022,2
23023,1
23066,1
23070,1
23072,1
23074,1
23075,1
23085,1
23090,1
23101,2
23106,2
23120,2
23121,1
23137,3
23139,3
23150,3
23154,1
23155,2
23157,1
23163,1
23164,2
23171,1
23177,1
23178,3
23179,1
23185,1
23187,2
23198,2
23199,4
23211,1
23245,3
23255,4
23256,1
23257,3
23258,1
2328,3
23280,1
2381,1
2383,3
2384,7
2385,5
2386,5
2387,5
2388,4
2389,7
2390,4
2391,7
2393,3
2394,5
2395,3
2396,5
2397,2
2398,9
2399,3
2400,4
2405,2
2407,5
2409,1
2411,4
2412,3
2413,3
2414,2
24201,3
24205,7
2422,1
2430,4
2433,1
2436,3
2437,5
2438,3
2439,6
2440,9
2444,1
2447,2
2448,5
2449,6
2450,8
2451,1
2452,12
2453,8
2455,6
2457,8
2459,8
2460,5
2461,1
2462,10
2463,2
2464,3
2465,7
2467,6
2472,2
2473,3
2474,2
2479,1
2481,4
2482,2
2484,6
2485,5
2486,2
2487,6
2488,1
2489,4
2491,2
2492,1
2494,3
2495,2
2496,2
2497,4
2498,1
2501,2
2503,3
2504,3
2505,1
2506,2
2507,3
2508,7
2511,1
2512,2
2513,1
2514,2
2515,2
2521,1
2522,1
2523,5
2527,2
2530,4
2534,2
2543,1
2556,4
2557,6
2558,1
2561,1
2565,1
2567,1
2572,2
2577,1
2578,4
2596,1
2597,4
2599,1
2600,1
2601,1
2606,3
2607,1
2618,2
2619,1
2634,3
2636,1
2645,1
2647,10
2648,5
2649,2
2651,3
2652,1
2653,1
2658,1
266,3
2662,4
2663,2
267,1
2670,3
2673,1
2676,1
2678,4
2679,5
2680,2
2681,2
2682,1
2691,1
2693,2
2695,1
2698,4
2699,2
2703,4
2704,1
2705,2
2706,1
2707,1
2709,1
2711,2
2712,2
2717,2
2720,6
2721,6
2737,1
2738,2
2739,2
2746,2
2753,5
2754,5
2756,1
2758,1
2763,4
2766,4
2767,8
2768,2
2769,1
2771,1
2782,6
2783,4
2784,2
2786,3
2787,2
2788,2
2789,2
2791,7
2792,2
2793,1
2799,4
2800,2
2801,4
28046,8
28047,8
28048,13
28049,6
28050,8
28051,13
28052,6
28053,10
28054,3
28055,7
28116,2
2812,1
2815,6
2818,1
2826,1
2828,1
2832,1
2833,1
2835,2
2836,5
2839,1
2841,2
2842,1
2843,2
2845,2
2846,2
2847,4
2848,6
2850,2
2851,1
2852,1
2856,3
2860,1
2865,1
2866,1
2867,4
2869,4
2870,5
2871,2
2872,2
2878,4
2879,5
2880,1
2881,1
2882,6
2883,7
2884,3
2885,2
2886,6
2887,1
2898,1
2899,1
2901,2
2904,3
2906,2
2907,3
2908,6
2909,4
2910,1
2911,1
2912,2
2913,4
2917,4
2918,1
2922,3
2923,3
2927,5
2929,2
2930,4
2931,1
2932,1
2933,2
2934,2
2940,2
2941,2
2942,7
2944,2
2946,2
2950,1
29510,7
2952,3
29520,2
29521,4
29524,1
29525,1
29526,2
29527,4
29528,1
29529,1
2953,2
29530,3
29531,1
29532,1
29533,6
29536,10
29539,5
2954,4
29540,4
29541,3
29542,2
29543,2
2955,2
29551,1
29552,2
29553,7
29554,1
29555,2
2961,1
29631,4
29632,6
29633,2
29635,1
29638,9
29650,2
29660,5
29668,3
29669,2
29695,1
29701,1
29705,1
29706,2
29707,1
29708,1
29724,9
29726,3
29727,3
2973,4
29742,2
29743,3
29744,2
29745,1
29756,6
29758,3
29759,2
29760,1
29775,3
29776,3
29786,1
29787,5
29788,2
29798,1
29800,2
29802,4
29814,2
29815,3
2983,2
2984,4
29842,2
29843,1
29854,1
2986,2
29860,2
29862,2
29863,1
29877,6
29878,2
29883,1
29884,1
29888,1
2990,2
2991,2
2992,2
29920,2
29933,3
29934,8
29935,10
29936,10
29937,12
29938,5
29939,8
29941,2
29945,1
2995,3
29953,2
29956,1
29957,2
29959,1
29968,2
29969,1
2997,2
29970,1
2999,2
30001,4
30002,2
30003,4
30004,4
30005,1
30006,5
30007,5
30008,1
30009,1
30010,1
30011,1
30012,2
30013,1
30014,1
30017,4
30020,1
30023,4
30024,4
30025,11
30026,5
30027,5
30029,4
30032,1
30040,2
30051,1
30073,4
30075,24
30076,2
30077,7
30079,11
30080,8
30082,2
30084,1
30085,5
30090,8
30091,2
30092,1
30094,3
30099,2
301,11
30100,6
30101,2
30102,7
30103,1
30104,2
30105,7
30106,7
30107,10
3011,1
30112,1
30114,7
30117,4
30118,2
30119,5
3012,6
30121,4
30123,3
30128,5
30129,2
3013,1
30130,1
30131,2
30133,6
30135,3
30136,3
30137,3
30138,2
30139,2
3014,2
30140,5
30141,1
30142,5
30143,8
30144,8
30145,1
30146,1
30147,3
30149,2
3015,4
30150,5
30152,5
30153,8
30155,4
30156,5
30157,6
30158,1
30159,5
30160,2
30161,3
30163,7
30164,13
30165,3
30166,14
30168,1
30169,4
3017,2
30170,2
30171,5
30172,4
30173,2
30178,4
30181,2
30182,3
30183,4
30184,8
30185,8
30186,2
30187,4
30188,3
3019,2
30190,6
30191,3
30192,2
30193,10
30194,3
30195,2
30196,1
30197,2
30198,5
30199,2
30200,3
30201,2
30203,4
30205,10
30206,5
30207,4
30208,6
30209,7
3021,5
30213,3
3022,3
3023,4
30230,2
30233,2
30234,9
30235,8
30236,11
30239,2
30240,14
30241,9
30243,2
30244,10
30245,7
30246,6
3025,1
30254,3
30255,8
30256,2
30260,5
30261,9
30262,6
30264,3
30265,4
30269,3
30271,7
30272,4
30274,1
30278,1
30280,2
30281,1
30282,3
30283,2
30284,1
30285,1
30286,1
30287,9
30288,4
3029,1
30292,1
30298,6
30299,6
30300,5
30303,5
30306,2
30307,3
30308,3
30309,1
30312,2
30313,1
30314,2
30316,2
30317,3
30318,1
30319,1
30322,4
30323,3
30324,3
3033,1
30331,1
30332,5
30333,8
30335,6
30336,2
30337,5
30338,15
30339,2
3034,4
30340,3
30341,7
30342,3
30343,4
30345,3
30348,8
3035,2
30350,3
30366,4
30367,3
3037,2
30373,2
30379,2
30380,1
30391,7
30397,7
30398,5
30399,10
30407,12
30408,9
30412,1
30413,8
30414,5
30415,8
30417,1
30419,4
3042,4
30420,2
30422,2
30423,1
30424,13
30429,3
30430,1
30431,1
30435,11
30436,6
30437,4
30438,7
30439,17
30440,1
30441,1
30442,1
30446,4
30447,1
30448,8
30449,3
3045,2
30451,1
30452,4
30453,5
30454,7
30455,9
30456,3
30457,3
30458,2
30459,4
3046,2
30460,5
30461,1
30462,3
30463,6
30464,5
30465,5
30467,1
30468,2
30469,2
3047,2
30475,4
30477,3
30479,3
3048,2
30480,1
30482,5
3049,3
30491,2
30492,4
30495,1
30496,1
30497,3
30498,3
30501,4
30503,1
30504,3
30506,2
30509,3
3051,2
30511,1
30514,5
30518,4
30519,1
3052,1
30521,1
30523,1
30524,2
30527,1
30529,9
3053,1
30537,6
30538,4
30539,1
3054,1
30540,11
30541,2
30542,4
30549,5
3055,4
30551,4
30552,2
3056,1
30561,6
30562,8
30563,14
30564,8
30565,7
3057,1
30570,1
30586,1
30587,1
30589,2
30590,5
30598,10
30599,5
3060,1
30605,10
30606,4
30607,7
3061,1
30610,7
30612,3
30613,8
30615,9
30616,4
30627,2
30629,13
30630,7
30631,3
30633,1
3064,3
30642,5
30643,6
30644,12
30645,4
30646,4
30648,3
30649,10
3065,1
30652,4
30653,8
30654,3
30655,9
30657,3
30659,1
3066,5
30661,2
30662,1
30663,5
30668,3
30669,4
3067,1
3068,4
30688,4
30689,7
3069,1
30690,8
30695,1
30696,4
30712,3
30714,3
30716,6
30717,1
30718,7
30719,6
3072,1
30720,5
30723,7
30726,2
30727,9
30728,8
30729,4
30730,4
30736,1
30739,1
30757,1
30758,4
30761,2
30778,3
30779,4
30780,2
30781,3
30782,4
3079,2
3080,1
3081,1
30817,3
3082,2
30834,2
30837,2
3084,2
30844,2
30846,1
3085,3
30863,3
30864,4
30868,3
30869,4
3089,7
309,1
3090,6
30904,3
30907,2
3091,2
30910,1
30911,1
30912,1
3093,4
3095,3
3096,4
30962,4
30964,3
3099,2
3100,7
31072,1
311,1
312,6
3121,2
31224,1
3123,5
3124,5
31268,3
31270,1
31286,6
31292,1
31298,3
31299,5
31300,3
31301,1
31302,3
31304,5
31305,5
31306,3
31307,1
31310,4
31313,2
31314,5
31315,3
31317,6
3132,2
31320,2
31323,5
31324,2
31325,11
31327,3
31328,4
31329,2
3133,5
31331,4
31335,2
31337,3
31338,4
3134,2
31340,2
31342,2
31347,1
31349,2
3135,1
31350,2
31375,1
31376,1
31383,1
31390,2
31396,5
31397,1
31404,1
31406,3
3141,4
3142,1
31426,6
3143,2
3147,1
3152,1
3154,1
3161,1
3162,2
3174,6
3183,3
319,1
3191,3
3196,1
3205,1
3209,4
3212,1
3213,5
3214,3
3215,1
322,2
3222,2
3225,1
323,1
34002,1
34070,1
34071,1
34075,1
34094,1
34098,1
34103,1
34104,1
34107,1
34109,3
34110,2
34130,2
34148,3
34150,2
34151,2
34152,3
34161,1
34166,1
34168,3
34182,2
34188,1
34193,1
34199,1
34202,1
34269,7
34270,10
34271,14
34272,4
34273,1
34274,12
34276,1
34277,3
34278,6
34279,8
34282,1
34283,5
34284,1
34285,1
34287,6
34290,3
34292,3
34293,1
34294,5
34295,7
34296,1
34297,3
34298,2
34303,1
34313,1
34318,2
34319,1
34324,1
34325,2
34326,1
34330,2
34331,1
34334,4
34335,4
34336,2
34338,2
34339,1
34344,1
34350,1
34355,8
34356,9
34357,6
34503,1
34513,1
34515,4
34517,7
34518,10
34571,1
34573,1
34574,3
3503,3
3506,5
3507,2
3510,2
3511,6
3512,8
3514,9
3515,2
3516,3
3530,3
3533,2
3534,3
3542,1
3546,2
3547,1
3572,1
3583,1
3584,1
3597,1
3628,3
3629,5
3630,2
3631,1
3632,2
3636,9
3637,12
3638,2
3639,1
3641,6
3642,3
3643,1
3644,3
3645,3
3646,1
3647,3
3648,2
3649,1
3650,6
3651,6
3652,2
3653,11
3654,5
3655,6
3656,11
3658,1
3659,2
3661,3
3679,2
3680,2
3688,1
3692,1
3693,1
3694,14
3695,16
3696,4
3697,15
3698,20
3699,22
3700,16
3701,24
3702,7
3703,16
3704,17
3705,15
3709,1
3715,6
3739,4
3740,3
3742,1
3743,1
3748,2
3749,3
3750,7
3751,1
3753,4
376,1
3769,2
3779,4
3784,2
3785,5
3791,4
3792,2
3796,5
3797,10
3798,2
3799,2
38005,1
38006,1
38007,2
38008,2
38009,3
38010,4
38013,29
38014,2
38015,3
38016,6
38018,1
38020,2
38021,4
38025,6
38026,2
38027,5
38028,4
38029,3
38030,4
38031,3
38035,5
38037,1
38038,3
38039,2
38040,5
38043,1
38044,1
38045,2
38046,4
38049,1
38050,3
38054,1
38057,3
38058,3
3806,1
38060,1
38064,5
38068,2
38069,4
3807,1
38070,4
38071,4
38072,8
38073,7
38074,8
38075,5
38076,2
38078,1
38079,3
38080,4
38081,4
38082,5
38084,3
38085,2
38089,8
38090,2
38091,2
38092,6
38093,2
38094,7
38096,3
38098,5
38100,4
38101,7
38102,3
38103,3
38104,3
38105,8
38106,2
38108,1
38110,2
38111,5
38112,3
38113,7
38115,1
38116,6
38117,2
38122,3
38123,2
38124,6
38125,6
38126,4
38127,1
38128,5
38130,7
38131,4
38132,5
38133,4
38134,2
38135,2
38137,3
38138,4
38139,2
3814,1
38141,3
38142,4
38143,1
38144,1
38145,7
38146,6
38149,1
38158,5
3816,12
38160,5
38161,1
38164,2
38165,1
38170,2
38171,1
38172,2
38176,1
38177,1
38178,2
38180,1
38182,1
38183,5
38184,1
38186,1
38190,4
38191,4
38194,2
38195,1
38196,1
38198,2
3820,3
38201,9
38203,4
38204,2
38205,4
38206,2
38207,4
38209,6
38210,10
38211,6
38212,8
38213,4
38214,6
38217,4
38218,4
38220,1
38226,9
38227,2
38228,8
38229,5
38230,2
38231,2
38232,1
38233,2
38234,1
38235,1
38237,2
38238,1
38239,3
38240,1
38241,6
38242,6
38243,2
38245,1
38246,10
38247,8
38248,1
38254,1
38256,3
38264,1
38266,2
38267,1
38268,3
38274,1
38275,2
38278,1
38279,1
38301,1
38302,1
38304,1
38305,2
38306,1
38308,1
3831,5
38310,2
38311,2
38313,1
38314,1
38319,4
3832,1
38321,2
38323,1
38324,3
38325,2
38326,1
38327,2
3833,2
38333,2
38334,2
3834,3
38340,2
3835,1
38352,8
38353,5
38354,3
38355,2
38356,3
38360,2
38365,2
38366,2
38367,3
38368,7
38369,1
38370,2
38371,4
38373,9
38374,3
38376,1
38377,1
38379,2
3838,2
38380,2
38382,2
38385,2
38386,2
38387,1
38397,1
38400,1
38401,2
38402,3
38404,1
38405,1
38406,2
3841,1
38412,3
3842,1
38422,1
38428,3
38439,2
38449,1
3845,9
38456,3
38458,2
3846,9
38460,2
38461,2
38463,2
38464,1
38465,4
38466,4
38468,1
38469,2
38473,2
38475,1
38476,2
38477,3
38481,1
38486,1
38488,1
3849,4
38490,4
38491,5
38492,2
38493,3
38499,1
3850,6
3851,5
3853,2
38557,1
38558,5
38561,2
38563,2
38565,3
38568,2
38569,1
38570,1
38571,1
38572,1
38574,1
38576,1
38577,3
38578,1
38579,3
38581,5
38582,2
38596,2
38597,2
38606,2
38608,2
38613,2
38615,3
38616,2
38654,2
38657,2
3866,1
38660,1
3867,1
3869,1
3871,4
3872,4
3873,3
3874,3
3875,5
38757,2
3876,7
3878,2
3881,1
3882,2
3883,1
3884,1
3889,5
3894,3
3897,2
3898,5
3899,6
3900,3
39001,2
39007,11
39008,1
39009,2
3901,1
39011,3
39012,23
39013,3
39016,1
39017,9
3902,1
39023,7
39024,4
39025,9
39026,1
39027,1
39031,2
39038,2
39042,2
39043,3
39044,2
39045,7
39048,5
39053,5
39061,2
39064,1
39070,6
39071,3
39072,10
39073,6
39075,1
39080,4
39083,2
39091,2
39093,3
39101,2
39104,3
39105,15
39106,8
39107,2
39109,7
39111,1
39112,2
39113,6
39114,2
39115,3
39116,3
39117,5
39118,4
39123,3
39126,4
39128,1
39129,2
39130,2
39145,3
39146,4
3915,1
39167,2
39168,1
39169,4
39209,1
3922,3
39228,1
3923,7
39235,1
3924,2
39241,1
39244,11
3925,11
39250,1
39257,1
39259,1
3926,12
39261,1
39265,1
39266,1
3927,11
3928,4
39288,1
3929,16
3930,11
3931,2
3932,3
3933,2
3934,9
3935,5
3936,1
3937,2
3939,16
3940,3
3941,3
3942,4
3943,1
3945,15
3946,72
3947,11
39495,1
39496,1
39497,1
39498,2
39499,2
39500,3
39504,5
39505,8
39508,6
39509,4
39510,11
39511,4
39512,2
39513,3
39515,12
39516,3
39518,8
39519,3
39520,10
39521,3
39522,5
39523,2
39524,7
39525,7
39526,9
39527,4
39529,1
39530,1
39535,9
39536,6
39537,4
39538,7
39539,1
39543,1
39546,1
39547,5
39549,1
39551,4
39552,4
39554,4
39555,3
39556,10
39557,10
39561,3
39563,5
39564,2
39566,3
39568,3
39569,5
39570,6
39571,1
39572,1
39573,5
39576,2
39579,6
39580,2
39581,5
39583,3
39586,7
39588,1
39590,4
39591,1
39592,3
39593,3
39594,1
39595,4
39599,3
3960,1
39601,3
39602,1
39605,4
39607,1
39608,1
39609,1
3961,2
39610,1
39611,1
39615,1
39616,3
3962,2
39622,2
39624,1
39625,1
39629,2
39630,8
39631,3
39632,4
39633,4
39634,3
39636,2
39642,2
39643,3
39644,1
39645,2
39646,1
39648,3
39649,1
39650,2
39656,1
39658,2
39662,4
39666,2
39667,11
39668,2
3967,5
39678,1
39687,2
39689,2
3969,1
39690,3
39691,2
39696,1
3970,1
3971,1
39729,3
39755,2
3977,2
39772,1
39773,2
39774,6
3978,3
39784,2
39795,2
39796,1
39799,1
398,3
39804,1
39807,1
39809,2
39817,2
39827,1
39832,4
39839,1
39844,1
39848,1
39849,2
3985,2
39850,2
39857,3
39858,1
3986,2
39861,2
39867,1
39880,1
39882,6
39885,1
39886,4
3990,2
39903,6
39911,2
39912,1
39913,1
39914,4
39915,3
3992,2
39920,2
39922,2
39928,2
39931,2
39936,2
39941,1
39950,1
39955,1
39964,1
39975,1
39977,1
40000,2
40001,5
400016,2
40002,14
40003,8
400040,1
400045,3
400052,1
400058,3
40009,4
400092,4
40010,8
400101,2
400102,5
400108,1
40011,6
40012,1
400127,2
40013,4
40014,4
400151,1
400152,2
400175,5
40018,2
4002,3
40020,2
400206,15
400224,1
400227,3
400237,2
40025,8
400256,1
400257,1
40026,2
40029,2
40030,3
40031,4
40032,4
40033,3
400356,1
40037,2
40038,2
40039,2
400390,2
40040,2
400432,1
400436,2
40045,5
400451,6
40046,2
40047,2
40048,4
400495,4
40050,2
400502,2
40052,1
400661,2
400734,4
40079,1
400803,1
40081,2
400811,4
40082,3
40083,2
40084,1
40085,4
40087,2
40088,1
40089,2
40090,1
40091,3
40092,5
40093,4
400933,8
40094,2
40095,2
40096,3
4011,3
40118,2
40119,1
4012,8
40120,2
40122,2
40123,1
40128,2
40129,2
40130,1
40139,1
40140,3
40142,2
40143,1
40145,1
40147,1
4016,5
40163,1
40168,1
40171,5
40178,1
40179,3
40181,2
40184,2
40187,1
4019,1
40193,2
40196,1
4020,2
4024,13
4025,7
4026,11
4027,4
4030,1
4032,1
4040,10
4041,13
4042,20
4043,4
4048,3
4049,6
4050,4
4068,4
4069,1
4103,1
413,1
4150,2
4214,2
4222,2
4223,1
4225,1
4227,1
4233,4
4235,6
4236,4
4239,7
4241,7
4242,12
4243,6
4244,3
4246,8
4247,19
4251,2
4252,4
4253,11
4255,2
4259,7
4270,9
4271,17
4272,13
4273,2
4274,21
4280,2
4284,1
4285,1
4320,1
4324,2
4326,1
4338,5
4341,10
4342,4
4344,7
4346,6
4347,6
4348,4
4349,5
4350,3
4351,2
4354,5
4355,2
4356,2
4357,3
4374,2
4378,1
4380,1
4386,1
4404,1
4484,1
4514,2
4523,2
4536,7
4541,6
4543,6
4545,5
4546,1
4548,5
4549,5
4560,2
4563,1
4565,2
4566,1
4569,2
4570,1
4571,2
4575,2
4578,2
4581,2
4585,11
4586,13
4587,4
459,1
4595,3
4596,1
4599,1
460,1
4608,3
4609,1
4610,4
4611,3
4612,1
4613,1
4616,3
4617,3
4618,1
4620,1
4622,3
4624,5
463,11
4633,1
464,1
465,1
4660,2
4663,1
4668,6
4669,1
4672,4
4674,2
4676,3
4677,1
4678,2
4679,1
4688,3
4689,1
4690,2
4703,1
4704,1
4707,1
4708,1
4711,1
4713,1
4714,3
4718,3
472,17
4720,1
4722,2
4723,2
4726,5
4728,3
4729,1
4730,2
4732,3
4733,5
4735,4
4738,1
4739,2
4740,3
4743,2
4744,4
4746,2
4758,2
4761,1
4763,1
4764,7
4768,1
4772,2
4773,1
4774,5
4778,2
4779,2
4780,4
4782,5
4832,2
4846,1
4849,3
4851,2
486,4
4861,1
4865,2
4871,2
4905,5
4919,2
4921,1
4941,6
4942,7
4943,9
4944,9
4945,4
4947,1
4948,3
4962,2
4963,3
4964,10
4981,5
4983,1
4985,2
4989,2
4990,4
4991,3
4992,1
4993,2
5008,1
5016,1
5018,4
5020,4
5023,1
5025,7
5027,1
5031,1
5032,3
5033,2
5034,1
5035,3
5036,9
5037,6
5038,5
5039,4
5064,2
5065,6
5066,4
5080,1
5082,1
5084,7
5095,3
5097,1
5098,1
5099,6
5101,6
5102,5
5105,5
5107,2
5108,2
5112,7
5114,9
5115,4
5116,3
5118,4
5133,2
5134,1
5140,2
5141,4
5143,1
5146,3
5147,3
5148,3
5149,5
5150,2
5151,2
5152,5
5157,1
5158,1
5159,1
5162,1
5163,6
5164,2
5167,3
5168,3
5169,2
5170,5
5173,2
5180,2
5181,3
5182,4
5183,8
5188,1
5198,2
5199,1
5201,2
5203,6
5204,3
5205,5
5206,2
5207,2
5208,9
5209,2
521,1
5210,7
5211,7
5212,1
5213,4
5214,2
5215,6
5216,4
5217,7
5218,6
5219,6
5220,3
5228,3
5229,1
5230,6
5232,5
5236,2
5238,1
5239,9
5240,9
5274,1
5275,2
5281,1
5289,1
5290,5
5293,1
5294,1
5295,4
5296,5
5297,2
5298,2
5299,2
5301,3
5310,4
5313,1
5324,2
5325,2
5326,6
5376,4
5377,5
5379,8
5380,11
5381,7
5382,4
5384,2
5385,2
5386,3
5387,7
5388,2
5389,2
5392,1
5402,2
5403,6
5404,1
5405,5
5406,1
5410,2
5411,2
5413,2
5416,1
5418,5
5419,7
5420,1
5421,3
5423,4
5429,1
5433,1
5434,2
5435,2
5436,4
5439,3
544,4
5440,1
5441,11
5442,2
5443,1
5444,1
5447,1
5448,1
5449,2
5450,2
5455,9
5456,6
5457,16
5458,4
5459,3
5460,1
5461,4
5462,4
5463,4
5468,1
5469,1
547,8
5479,1
5480,8
5481,5
5482,4
5485,5
5486,1
5487,10
5488,3
5489,9
5490,4
5491,2
5492,1
5494,1
5495,8
5497,1
5498,2
5499,2
5504,2
5505,1
5507,4
5508,8
5511,8
5516,1
5518,1
5519,1
5522,2
553,5
554,2
5544,2
5545,2
5547,4
5548,5
5557,2
5558,4
556,8
5560,7
5561,4
5563,2
5567,5
5568,6
5569,12
557,9
5570,3
5581,10
5591,3
5592,4
5596,1
5608,1
5609,1
561,6
5611,6
5614,13
5618,1
562,6
5627,1
563,4
5631,2
5633,3
5634,1
5635,6
5637,3
5639,1
564,14
5640,11
5642,3
5645,1
5646,1
5648,2
5649,4
5650,2
5651,4
5652,3
5653,2
5654,7
5655,2
5656,4
5657,2
5658,1
5662,5
5668,1
5671,2
5682,9
5683,12
5684,14
5685,8
5686,2
5687,5
5688,5
5690,3
5691,2
5692,7
5693,2
5694,1
5696,2
5699,3
5700,20
5708,6
5709,1
5710,3
5713,8
5714,2
5715,2
5716,1
5717,1
5718,1
5722,2
5723,9
5725,3
5726,1
5730,1
5731,1
5732,6
5733,4
5734,5
5735,1
5736,8
5737,2
5738,6
5739,4
5740,2
5741,2
5742,4
5746,1
5755,6
5756,4
5757,13
5758,20
5760,1
5761,9
5779,1
5781,1
5790,1
5792,2
5801,9
5802,6
5803,8
5804,1
5805,5
5806,3
5807,5
5808,4
5809,6
5810,4
5811,1
5812,8
5813,6
5814,4
5815,7
5816,5
5817,5
5818,8
5819,6
5820,1
5821,4
5829,1
5838,3
5839,2
5840,2
5842,1
5843,3
5844,2
5858,1
5859,1
5861,1
5865,1
5866,1
5867,2
5868,4
5869,5
5870,1
5871,7
5872,6
5873,3
5875,4
5876,6
5877,5
5883,14
5884,2
5885,4
5886,2
5888,3
5889,2
5890,3
5891,3
5892,3
5894,4
5895,2
5896,3
5899,4
5900,2
5901,1
5908,1
5910,1
5914,1
5918,1
5919,3
5923,4
5924,1
5930,11
5931,7
5932,2
5933,6
5934,9
5935,11
5936,2
5937,4
5938,1
5940,8
5941,5
5942,4
5943,7
5944,1
5946,2
5953,6
5956,2
5957,2
5959,10
5960,5
5961,2
5962,1
5963,2
5967,1
5977,2
5984,1
5985,2
5989,3
5992,5
5997,4
5999,4
600,8
6001,3
6002,2
6003,3
6004,7
6010,6
6013,2
6014,2
6017,9
6018,6
6019,7
6020,12
6021,13
6024,7
6025,6
6026,2
6028,2
6039,1
6043,4
6046,1
6047,1
6048,1
6049,1
6066,4
6067,2
6069,2
6070,2
6074,2
6075,10
6076,4
6081,1
6082,1
6083,2
6084,3
6086,3
6087,1
6089,2
6090,2
6092,2
6093,11
6097,9
6105,4
6106,15
6107,2
6108,6
6109,9
6110,38
6111,27
6122,31
6123,8
6124,9
6125,9
6126,9
6127,10
6128,5
6130,6
6131,1
6132,3
6133,10
6134,3
6135,9
6136,2
6137,5
6139,2
6141,4
6142,10
6143,4
6144,11
6145,8
6146,1
6147,1
6149,1
6150,12
6152,1
6154,8
6155,8
6156,14
6157,6
6158,17
6159,9
6160,5
6161,13
6162,7
6163,9
6164,13
6165,2
6166,6
6167,1
6168,9
6172,1
6173,1
6174,1
6177,4
6178,4
6179,1
6180,10
6181,5
6182,4
6183,6
6184,6
6185,11
6186,10
6187,13
6188,9
6189,29
6190,27
6191,5
6192,34
6193,8
6194,8
6195,13
6196,7
6199,1
6203,9
6204,3
6205,6
6206,5
6207,9
6210,3
6211,1
6212,13
6213,15
6214,5
6215,3
6217,9
6223,4
6228,1
6229,3
6232,2
6233,14
6234,4
6235,19
6236,3
6250,1
6255,3
6256,1
6260,2
6261,3
6262,3
6272,5
6273,1
6274,2
6275,1
6280,1
6285,2
6286,8
6287,7
6288,8
6289,2
6290,1
6308,1
6310,4
6319,7
6320,16
6321,10
6322,3
6324,1
6325,6
6326,8
6327,1
6328,3
6331,2
6332,1
6333,2
6334,5
6336,7
6337,2
6338,3
6341,2
6344,2
6346,5
6349,4
6350,3
6354,4
6355,17
6356,4
6357,2
6358,1
6359,1
6360,7
6361,31
6362,17
6364,5
6365,11
6366,9
6367,6
6368,8
6369,6
6370,7
6371,15
6372,12
6373,14
6374,10
6376,2
6377,6
6378,5
6379,2
6380,5
6381,1
6382,1
6383,8
6384,2
6385,3
6386,2
6387,6
6388,21
6389,12
6390,6
6392,6
6393,12
6394,6
6395,3
6397,10
6399,2
6400,11
6401,6
6403,1
6404,3
6405,8
6406,2
6407,8
6408,1
6409,2
6410,1
6411,7
6412,9
6414,1
6415,9
6416,5
6417,7
6418,6
6419,1
6420,5
6421,2
6422,3
6423,1
6424,2
6426,4
6427,10
6428,11
6429,10
6430,7
6431,5
6432,5
6433,11
6434,4
6435,9
6436,11
6437,5
6438,1
6439,2
6440,3
6441,3
6442,5
6443,17
6445,6
6446,8
6447,5
6448,3
6451,1
6453,2
6454,7
6455,13
6456,11
6467,1
6469,4
6474,1
6481,1
6483,1
6485,1
6488,2
6490,19
6491,2
6492,5
6493,4
6494,4
6495,9
6496,15
6497,6
6498,5
6500,3
6501,2
6502,1
6508,1
6516,3
6517,6
6518,8
6520,6
6523,8
6524,2
6525,16
6526,14
6527,3
6528,5
6529,2
6530,1
6531,1
6532,1
6533,4
6534,2
6535,4
6536,14
6537,5
6538,13
6539,2
6540,1
6541,1
6542,2
6543,2
6544,3
6546,9
6547,6
6550,7
6551,18
6552,5
6558,24
6563,1
6566,4
6569,7
6574,6
6577,9
6578,11
6579,5
6580,10
6581,12
6582,12
6583,11
6584,1
6585,1
6586,5
6587,15
6589,2
6590,1
6592,4
6598,9
6599,3
6602,3
6603,1
6605,1
6608,1
6610,2
6611,2
6612,1
6613,1
6614,9
6615,8
6620,10
6621,1
6623,14
6624,8
6625,16
6626,1
6627,6
6628,7
6629,15
6630,10
6631,10
6632,9
6634,6
6635,12
6636,20
6637,6
6638,25
6640,9
6642,2
6643,12
6645,6
6646,1
6647,11
6648,8
6649,8
6650,3
6653,3
6657,7
6660,2
6661,2
6662,2
6663,10
6664,4
6665,1
6666,8
6667,5
6668,14
6669,8
6670,1
6671,1
6672,6
6675,1
6679,1
6683,1
6684,3
6690,1
6691,1
6692,2
6693,4
6694,4
6695,8
6696,7
6697,2
6702,2
6703,5
6704,1
6707,2
6709,1
6710,1
6711,11
6712,8
6713,6
6714,9
6715,4
6716,2
6717,10
6718,9
6719,4
6720,32
6721,1
6722,3
6727,6
6737,1
6740,5
6746,2
6748,2
6750,8
6755,2
6759,8
6760,7
6768,3
6769,5
6771,5
6772,1
6778,2
6779,1
6780,5
6781,2
6782,1
6783,6
6784,3
6785,4
6786,6
6788,1
6789,5
6790,3
6792,1
6794,4
6798,1
6802,4
6803,5
6804,7
6805,3
6806,1
6807,3
6809,2
6810,4
6811,4
6813,2
6814,3
6815,6
6816,3
6817,2
6818,3
6819,4
6821,1
6822,5
6823,2
6824,4
6825,6
6826,4
6829,2
6830,1
6831,1
6832,4
6833,2
6834,3
6837,7
6839,5
6840,1
6841,5
6845,4
6846,1
6848,2
6849,5
6850,7
6851,1
6852,6
6853,4
6854,11
6855,9
6858,3
6859,6
6860,3
6861,4
6862,2
6866,3
6867,6
6868,6
6871,5
6872,2
6874,2
6876,3
6878,1
6882,4
6884,1
6886,1
6888,2
6891,5
6892,6
6894,1
6896,3
6901,7
6902,7
6903,2
6904,5
6906,5
6907,5
6909,4
6910,4
6911,1
6913,3
6914,1
6915,2
6916,1
6918,6
6920,3
6924,1
6933,1
6937,1
6946,3
6950,1
6951,1
6952,3
6953,1
6954,2
6955,1
6957,3
6960,6
6961,5
6962,5
6966,1
6969,1
6970,1
6971,8
6972,6
6973,1
6974,2
6975,2
6976,6
6977,7
6978,4
6981,4
6982,2
6983,2
6985,2
6986,5
6987,3
6988,4
6989,2
6990,7
6991,5
6992,3
6993,8
6994,7
6995,1
6996,4
6997,4
6998,6
6999,1
7000,3
7002,17
7003,6
7004,3
7015,1
7016,2
7017,2
7019,1
7022,2
7023,3
7024,1
7043,1
7045,7
7046,2
7047,2
7048,1
7050,8
7051,1
7052,5
7053,3
7054,4
7055,6
7056,4
7057,2
7058,2
7059,2
7060,57
7061,5
7063,2
7065,3
7066,1
7067,2
7068,3
7070,2
7074,1
7075,4
7076,2
7077,8
7078,6
7084,2
7085,9
7087,3
7088,2
7089,6
7090,4
7091,3
7092,6
7093,4
7094,7
7095,2
7096,4
7097,1
7098,7
7099,1
7101,2
7102,5
7103,1
7104,5
7105,3
7106,3
7107,1
7108,2
7109,1
7110,4
7111,1
7113,2
7118,1
7120,10
7121,5
7122,12
7123,5
7124,19
7126,12
7127,11
7128,11
7129,6
7130,4
7131,7
7132,7
7133,1
7134,2
7138,4
7139,2
7140,4
7141,5
7142,4
7143,4
7144,5
7145,4
7146,3
7147,2
7148,6
7149,3
7150,4
7151,6
7152,3
7153,4
7154,4
7155,4
7156,7
7158,1
7161,5
7162,7
7163,2
7166,4
7168,1
7169,1
7170,2
7171,1
7172,5
7173,5
7174,3
7175,1
7176,5
7177,1
7178,2
7181,2
7183,1
7184,2
7185,3
7186,2
7187,2
7194,5
7195,12
7200,1
7203,1
7208,2
7210,3
7212,1
7214,3
7215,5
7216,3
7217,7
7218,5
7220,1
7221,3
7222,3
7223,2
7225,1
7232,9
7233,5
7237,2
7241,4
7242,7
7243,2
7244,2
7245,1
7248,2
7250,1
7251,3
7257,3
7258,3
7259,3
7261,2
7262,2
7271,2
7281,6
7282,8
7284,2
7285,4
7286,1
7290,1
7291,5
7303,3
7304,2
7313,1
7314,2
7321,1
7327,1
7329,1
7341,10
7342,9
7343,3
7344,3
7347,2
7361,8
7362,1
7363,1
7364,1
7365,1
7368,1
7369,2
7370,1
7371,1
7373,2
7374,1
7375,3
7384,2
7408,6
7421,2
7423,2
7427,4
7428,1
7429,1
7434,2
7438,2
7440,1
7445,1
7446,2
7454,1
7455,1
7457,3
7459,2
7460,4
7462,5
7463,2
7465,1
7505,3
7506,8
7507,4
7508,3
7510,1
7518,1
7533,1
7534,1
7580,1
7581,1
7582,2
7584,2
7585,6
7586,2
7587,5
7589,1
7593,3
7594,4
7595,1
7597,8
7598,2
760,2
7602,5
7603,1
7604,10
7605,1
7606,4
7607,5
7614,6
7615,2
7618,6
7619,2
7620,11
7621,21
7623,2
7624,3
7637,5
7638,1
7641,3
7649,12
7650,7
7651,11
7652,7
7654,15
7655,16
7656,13
7657,5
7658,3
7661,3
7662,1
7676,2
7679,2
7684,2
7689,1
7696,2
7705,2
7706,2
7707,2
7709,2
7726,3
7727,10
7730,7
7731,7
7732,2
7733,3
7738,1
7739,1
7740,1
7743,3
7746,1
7749,2
7750,1
7758,1
7760,1
7765,2
7766,4
7768,1
7773,1
7774,7
7775,12
7776,8
7779,2
7780,3
7781,5
7787,1
7788,1
7789,2
7790,1
7793,7
7795,3
7796,1
7798,2
7799,3
7800,7
7801,1
7815,20
7817,1
7818,1
7819,1
7825,2
7826,4
7827,1
7833,2
7834,1
7836,1
7840,5
7842,4
7847,2
7849,1
7850,2
7852,4
7854,2
7855,1
7861,10
7862,3
7863,6
7864,3
7869,1
7873,2
7880,3
7883,1
7912,2
7921,3
7922,6
7923,7
7926,2
7927,4
7928,5
7929,4
7932,28
7934,7
7936,3
7938,3
7940,7
7941,3
7944,2
7945,2
7947,1
7951,3
7957,3
7958,7
7959,6
7960,6
7961,16
7962,10
7992,3
7995,1
7999,3
8000,2
80000,1
8001,5
8002,7
80021,1
8003,2
80030,8
80031,4
80036,1
8006,11
8009,1
8015,11
8016,11
8017,6
8018,3
8019,1
8023,2
8024,4
8025,1
8027,3
8029,1
8030,4
8034,2
8036,3
8037,2
8040,2
8041,1
8042,2
8043,2
8048,1
8049,1
8060,2
8062,4
8072,4
8074,2
8118,5
8120,8
8123,3
8124,12
8125,4
8126,2
8130,5
8138,2
8139,1
8140,1
8141,1
8143,1
8146,1
8147,4
8149,4
8150,2
8152,3
8159,2
8192,2
8193,2
8194,2
8195,1
8210,2
8214,1
8215,7
8216,6
8217,9
8219,1
8224,3
8226,4
8228,6
8229,2
8230,7
8231,2
8232,6
8233,4
8234,11
8235,11
8236,11
8237,1
8238,3
8240,1
8241,2
8242,5
8247,3
8252,3
8253,5
8254,1
8256,3
8257,1
8258,2
8259,2
8260,8
8261,2
8262,4
8263,1
8264,3
8265,20
8266,7
8267,17
8269,4
8270,2
8271,2
8272,5
8273,12
8274,8
8277,3
828,1
8280,2
8282,4
8284,1
8286,1
8287,2
8288,5
8289,1
8293,1
8294,1
8297,2
8302,3
8303,2
8304,1
8308,4
8310,4
8315,5
8316,2
8322,13
8325,4
8327,6
8328,1
8329,1
8331,2
8335,4
8336,1
8337,1
8338,9
8345,2
8346,1
8355,1
8356,1
8358,7
8362,1
8365,1
8366,2
8367,3
8368,1
8369,1
8374,1
8379,1
8381,1
8382,1
8383,2
8389,7
8390,1
8405,1
8412,1
8414,6
8415,2
8416,4
8417,1
8420,1
8421,1
8445,2
8446,1
8447,2
8448,4
8449,1
8462,5
8466,1
8479,1
8480,7
8481,4
8499,3
850,1
8502,5
8503,3
8504,4
8546,1
8550,1
8551,1
8554,4
8555,3
8561,3
8562,2
8564,2
8567,3
8568,1
8572,2
8626,3
8627,1
8628,6
8631,3
8632,3
8633,1
8634,4
8635,1
8643,4
8649,1
8651,3
8652,4
8653,1
8656,1
8657,5
8658,6
8660,2
8684,4
8685,2
8686,3
8688,2
8689,7
8691,4
8692,2
8697,1
8701,1
8702,3
8709,1
8713,1
8715,3
8724,1
8725,2
8726,1
8727,3
8729,1
8730,5
8731,4
8732,4
8738,1
8739,2
8750,2
8751,3
8752,3
8758,3
8759,6
8761,3
8762,4
8763,1
8764,1
8765,1
8768,2
8772,2
8774,3
8776,2
8777,1
8779,4
8780,3
8783,1
8785,3
8786,3
8791,1
8798,3
8801,5
8802,2
8803,1
8805,2
8806,5
8807,2
8808,4
8809,1
8818,1
8825,1
8826,3
8827,2
8828,1
8829,4
8830,3
8831,3
8840,1
8845,4
8846,1
8853,5
8854,2
8855,5
8862,1
8863,1
8864,2
8865,6
8868,1
8869,4
8871,8
8875,1
8876,5
8877,3
8878,4
8879,3
8887,2
8888,2
8889,2
8891,1
8892,1
8893,2
8894,4
8895,6
8896,1
8897,2
8901,9
8904,1
8905,1
8906,1
8911,2
8912,1
8913,2
8915,1
8916,4
8917,1
8919,8
8926,1
8927,2
8928,2
8929,1
893,2
8930,3
8931,1
8936,3
8937,1
8938,2
8939,1
894,2
8940,4
8941,1
8942,1
8944,1
8945,4
8946,5
8947,5
8948,3
895,2
8950,3
8954,1
8957,2
8958,1
8959,3
8963,1
8964,2
8965,6
8966,3
8967,2
8969,3
8971,4
8973,3
8975,3
8976,7
8977,3
8978,1
898,3
8981,6
8982,2
8984,1
8988,2
8989,1
8993,11
8994,1
8997,1
8999,1
9000,1
9001,1
9002,1
9004,2
9006,2
9008,2
901,1
9010,1
9011,2
9012,1
9015,1
9016,1
902,1
903,6
9035,3
9036,1
9037,1
9039,2
904,6
9040,4
9041,2
9043,3
9045,5
9046,1
9048,2
9049,1
9050,2
9051,9
9052,1
9061,1
9065,1
9067,1
9070,11
9071,7
9072,9
9073,3
9074,2
9077,4
9078,2
9079,1
9082,2
9086,4
9087,2
9088,4
9089,4
9090,2
9126,2
9127,4
9128,3
9130,3
9131,1
9134,5
9135,3
9136,1
9137,1
9138,1
9139,1
9140,2
9145,2
9149,1
9150,2
9201,1
9214,1
9216,6
9223,1
9230,1
9233,2
9234,1
9235,2
9250,13
926,2
9501,3
9502,2
9503,2
958,5
979,1
980,4
985,3
986,7
989,3
9901,3
9902,3
9903,5
9904,3
9905,2
9906,1
9907,2
9908,1
9909,5
995,2
996,7
not found,2705
