gush_number,school_gan,education_type,ethnicity,religious or not
187,5,M,J,2
266,1,H,J,4
309,10,H,J,4
310,3,H,J,4
311,1,H,J,4
323,3,M,J,2
326,2,M,J,2
472,29,H,J,4
473,4,H,J,4
486,6,M,J,2
544,3,M,J,2
547,2,H,J,4
556,6,M,J,2
557,9,M,J,2
561,5,M,J,2
562,9,M,J,2
564,4,M,J,2
600,1,M,J,2
851,1,M,J,2
895,1,H,J,4
898,2,H,J,4
902,2,M,J,2
903,5,H,J,4
958,3,H,J,4
959,4,H,J,4
979,2,M,J,2
985,2,H,J,4
995,2,H,J,4
996,3,H,J,4
999,2,H,J,4
1054,2,H,J,4
1082,1,M,J,2
1118,3,M,J,2
1207,2,mixed,J,3
1231,1,M,J,2
1234,1,M,J,2
1238,2,M,J,2
1239,4,M,J,2
1241,1,M,J,2
1282,2,mixed,J,3
1296,8,M,J,2
1297,4,mixed,J,3
1335,2,mixed,J,3
1353,4,M,J,2
1490,1,M,J,2
1499,5,M,J,2
1500,3,H,J,4
1533,2,mixed,J,3
1534,8,H,J,4
1564,5,M,J,2
1565,9,H,J,4
1653,3,H,J,4
1655,3,H,J,4
1657,2,M,J,2
1694,1,H,J,4
1699,1,H,J,4
1777,2,M,J,2
1866,8,H,J,4
1881,12,H,J,4
1895,1,H,J,4
1896,3,H,J,4
1897,2,mixed,J,3
1900,3,H,J,4
1901,1,H,J,4
1902,2,H,J,4
1911,2,H,J,4
1913,4,mixed,J,3
1917,5,H,J,4
1930,2,M,J,2
1932,4,H,J,4
1933,2,M,J,2
1934,2,M,J,2
1935,2,M,J,2
1937,8,M,J,2
1942,6,M,J,2
1959,3,M,J,2
1961,2,mixed,J,3
1963,5,H,J,4
1965,2,mixed,J,3
1966,2,M,J,2
1993,10,H,J,4
1994,2,H,J,4
1995,2,M,J,2
1996,6,H,J,4
1997,1,H,J,4
1998,4,mixed,J,3
2023,9,H,J,4
2061,6,H,J,4
2065,2,mixed,J,3
2066,11,H,J,4
2067,1,M,J,2
2068,12,mixed,J,3
2071,13,M,J,2
2072,1,M,J,2
2073,1,H,J,4
2074,4,mixed,J,3
2076,2,mixed,J,3
2077,1,M,J,2
2080,1,M,J,2
2086,3,M,J,2
2088,4,M,J,2
2166,1,H,J,4
2188,3,H,J,4
2189,12,M,J,2
2190,2,mixed,J,3
2191,5,M,J,2
2193,6,M,J,2
2194,2,M,J,2
2195,6,H,J,4
2196,2,M,J,2
2197,3,M,J,2
2242,3,M,J,2
2249,1,H,J,4
2251,1,H,J,4
2295,2,H,J,4
2302,2,M,J,2
2328,2,M,J,2
2381,1,H,J,4
2383,1,H,J,4
2384,4,M,J,2
2385,2,mixed,J,3
2386,3,M,J,2
2387,1,H,J,4
2388,4,M,J,2
2389,1,M,J,2
2391,2,M,J,2
2393,2,M,J,2
2394,3,M,J,2
2395,4,M,J,2
2396,5,M,J,2
2397,2,M,J,2
2398,2,M,J,2
2400,2,M,J,2
2405,1,H,J,4
2407,9,M,J,2
2411,11,H,J,4
2413,1,H,J,4
2422,5,H,J,4
2423,1,H,J,4
2431,1,H,J,4
2432,2,M,J,2
2436,1,M,J,2
2437,3,H,J,4
2438,5,H,J,4
2439,4,M,J,2
2440,5,M,J,2
2447,3,M,J,2
2448,3,M,J,2
2449,1,M,J,2
2450,11,M,J,2
2453,2,H,J,4
2455,5,H,J,4
2456,1,M,J,2
2457,3,H,J,4
2458,2,mixed,J,3
2459,2,mixed,J,3
2460,1,H,J,4
2462,11,H,J,4
2463,1,H,J,4
2464,4,H,J,4
2465,6,H,J,4
2467,3,H,J,4
2481,10,H,J,4
2486,1,H,J,4
2487,3,H,J,4
2488,1,M,J,2
2497,1,M,J,2
2498,2,H,J,4
2499,4,H,J,4
2505,1,M,J,2
2506,4,M,J,2
2507,4,mixed,J,3
2508,1,H,J,4
2523,2,M,J,2
2527,3,H,J,4
2530,2,H,J,4
2543,1,M,J,2
2552,1,M,J,2
2556,4,M,J,2
2557,7,M,J,2
2561,3,M,J,2
2572,2,mixed,J,3
2578,2,M,J,2
2597,4,M,J,2
2600,1,M,J,2
2607,2,M,J,2
2609,2,mixed,J,3
2634,7,M,J,2
2645,1,M,J,2
2647,2,M,J,2
2648,2,mixed,J,3
2670,6,M,J,2
2674,2,M,J,2
2678,2,mixed,J,3
2679,3,M,J,2
2680,2,mixed,J,3
2683,2,mixed,J,3
2692,1,H,J,4
2704,2,M,J,2
2707,5,M,J,2
2709,4,M,J,2
2712,3,M,J,2
2717,1,M,J,2
2720,3,M,J,2
2731,2,M,J,2
2741,2,M,J,2
2745,1,H,J,4
2749,2,M,J,2
2753,7,M,J,2
2754,4,M,J,2
2756,2,M,J,2
2759,2,M,J,2
2763,2,M,J,2
2767,2,M,J,2
2768,1,M,J,2
2782,3,H,J,4
2783,5,H,J,4
2784,1,H,J,4
2786,2,M,J,2
2791,4,mixed,J,3
2792,3,M,J,2
2800,1,M,J,2
2815,4,M,J,2
2816,2,M,J,2
2818,1,M,J,2
2832,2,M,J,2
2836,2,M,J,2
2839,2,M,J,2
2840,4,H,J,4
2845,1,M,J,2
2849,1,M,J,2
2852,1,M,J,2
2863,2,M,J,2
2869,7,M,J,2
2870,4,M,J,2
2871,6,M,J,2
2878,2,M,J,2
2879,1,M,J,2
2881,2,M,J,2
2882,1,H,J,4
2901,3,H,J,4
2904,1,M,J,2
2906,2,H,J,4
2910,2,M,J,2
2912,3,H,J,4
2917,4,M,J,2
2923,2,H,J,4
2926,1,H,J,4
2933,1,M,J,2
2942,1,H,J,4
2946,2,H,J,4
2954,1,H,J,4
2961,1,H,J,4
2973,2,M,J,2
2985,1,H,J,4
2992,1,M,J,2
2995,1,H,J,4
3012,5,H,J,4
3013,2,mixed,J,3
3014,1,M,J,2
3015,5,M,J,2
3017,2,H,J,4
3019,4,H,J,4
3020,3,M,J,2
3021,2,mixed,J,3
3022,2,mixed,J,3
3025,1,H,J,4
3029,5,H,J,4
3034,2,mixed,J,3
3035,3,H,J,4
3037,2,mixed,J,3
3041,6,M,J,2
3042,1,H,J,4
3043,1,H,J,4
3044,2,H,J,4
3045,2,mixed,J,3
3046,5,M,J,2
3047,1,M,J,2
3049,1,M,J,2
3053,1,H,J,4
3055,6,H,J,4
3057,1,M,J,2
3061,3,H,J,4
3085,2,M,J,2
3093,2,M,J,2
3095,1,H,J,4
3099,2,M,J,2
3123,3,M,J,2
3124,2,H,J,4
3133,5,H,J,4
3134,4,H,J,4
3135,3,M,J,2
3140,1,H,J,4
3142,1,M,J,2
3147,3,M,J,2
3152,4,H,J,4
3161,1,M,J,2
3199,1,M,J,2
3207,2,H,J,4
3253,1,H,J,4
3511,1,M,J,2
3512,8,H,J,4
3514,7,M,J,2
3516,1,H,J,4
3629,8,M,J,2
3636,6,M,J,2
3637,10,M,J,2
3638,3,M,J,2
3639,3,M,J,2
3641,5,M,J,2
3644,2,M,J,2
3646,1,M,J,2
3647,2,M,J,2
3648,4,M,J,2
3653,7,M,J,2
3655,7,M,J,2
3656,1,H,J,4
3694,21,M,J,2
3697,28,M,J,2
3698,17,M,J,2
3699,12,M,J,2
3700,13,H,J,4
3701,3,M,J,2
3702,7,M,J,2
3703,29,M,J,2
3704,22,H,J,4
3705,10,H,J,4
3715,2,mixed,J,3
3750,10,M,J,2
3753,2,M,J,2
3769,3,M,J,2
3779,4,H,J,4
3784,7,M,J,2
3796,3,H,J,4
3832,3,M,J,2
3834,12,M,J,2
3841,1,M,J,2
3842,2,M,J,2
3844,2,M,J,2
3845,3,M,J,2
3846,20,M,J,2
3850,1,M,J,2
3851,5,M,J,2
3875,8,M,J,2
3876,1,H,J,4
3878,1,M,J,2
3881,2,M,J,2
3897,2,M,J,2
3898,5,M,J,2
3899,2,M,J,2
3900,2,M,J,2
3915,3,H,J,4
3916,1,M,J,2
3923,2,M,J,2
3925,9,M,J,2
3926,19,M,J,2
3927,6,M,J,2
3928,14,M,J,2
3929,9,H,J,4
3930,5,M,J,2
3931,1,H,J,4
3932,7,M,J,2
3933,4,M,J,2
3936,3,M,J,2
3938,3,H,J,4
3939,12,M,J,2
3945,7,M,J,2
3946,1,M,J,2
3961,1,H,J,4
3962,1,A,A,1
3967,7,A,A,1
3969,1,M,J,2
3978,1,A,A,1
4012,5,M,J,2
4024,18,H,J,4
4025,7,H,J,4
4026,5,H,J,4
4040,14,M,J,2
4041,7,M,J,2
4042,3,H,J,4
4043,1,H,J,4
4049,3,M,J,2
4050,1,M,J,2
4241,3,H,J,4
4242,9,M,J,2
4243,1,H,J,4
4246,4,mixed,J,3
4247,3,M,J,2
4252,1,M,J,2
4253,4,H,J,4
4258,2,M,J,2
4270,2,H,J,4
4271,11,H,J,4
4272,6,H,J,4
4273,3,H,J,4
4274,8,H,J,4
4284,1,H,J,4
4326,2,M,J,2
4338,2,A,A,1
4340,1,H,J,4
4341,1,A,A,1
4342,4,M,J,2
4344,4,A,A,1
4346,3,H,J,4
4348,1,H,J,4
4349,5,M,J,2
4354,4,M,J,2
4358,1,H,J,4
4536,4,M,J,2
4537,2,H,J,4
4540,1,H,J,4
4541,7,H,J,4
4542,6,A,A,1
4543,5,H,J,4
4545,2,M,J,2
4548,4,A,A,1
4561,1,M,J,2
4564,3,H,J,4
4569,4,M,J,2
4570,1,M,J,2
4585,11,M,J,2
4586,9,M,J,2
4587,1,M,J,2
4596,4,H,J,4
4599,2,M,J,2
4601,1,A,A,1
4611,4,H,J,4
4622,1,M,J,2
4623,2,H,J,4
4624,3,H,J,4
4660,3,H,J,4
4668,1,H,J,4
4672,2,M,J,2
4677,2,M,J,2
4702,2,mixed,J,3
4703,1,M,J,2
4716,1,M,J,2
4718,4,M,J,2
4722,12,M,J,2
4723,2,M,J,2
4726,1,H,J,4
4728,2,H,J,4
4729,2,H,J,4
4733,3,M,J,2
4738,2,M,J,2
4742,1,A,A,1
4744,2,M,J,2
4746,3,M,J,2
4747,2,M,J,2
4752,1,M,J,2
4753,2,M,J,2
4755,2,M,J,2
4758,2,M,J,2
4764,3,H,J,4
4768,1,M,J,2
4774,1,M,J,2
4777,1,A,A,1
4778,1,A,A,1
4779,4,M,J,2
4852,2,H,J,4
4874,2,M,J,2
4879,1,M,J,2
4928,2,M,J,2
4941,4,mixed,J,3
4942,2,H,J,4
4943,6,H,J,4
4947,1,M,J,2
4949,2,M,J,2
4963,2,mixed,J,3
4981,7,H,J,4
4984,6,M,J,2
4985,1,M,J,2
4991,1,M,J,2
5007,2,M,J,2
5018,1,M,J,2
5019,5,M,J,2
5020,2,M,J,2
5024,2,M,J,2
5025,3,M,J,2
5029,4,mixed,J,3
5030,1,H,J,4
5036,8,M,J,2
5038,7,M,J,2
5039,5,M,J,2
5065,5,M,J,2
5080,1,H,J,4
5097,3,M,J,2
5098,1,M,J,2
5101,6,M,J,2
5102,3,M,J,2
5103,2,H,J,4
5105,1,H,J,4
5106,3,M,J,2
5107,1,M,J,2
5112,9,H,J,4
5114,7,M,J,2
5115,5,M,J,2
5116,4,H,J,4
5117,2,H,J,4
5118,4,M,J,2
5121,3,M,J,2
5133,2,H,J,4
5143,3,M,J,2
5147,1,H,J,4
5149,5,H,J,4
5151,9,H,J,4
5152,2,H,J,4
5157,1,A,A,1
5159,1,H,J,4
5162,1,M,J,2
5163,8,M,J,2
5164,1,M,J,2
5168,1,H,J,4
5169,2,H,J,4
5170,4,M,J,2
5181,2,M,J,2
5182,1,H,J,4
5183,14,M,J,2
5185,2,M,J,2
5188,3,M,J,2
5201,2,H,J,4
5202,3,H,J,4
5207,2,M,J,2
5208,3,H,J,4
5209,1,H,J,4
5210,5,H,J,4
5211,1,M,J,2
5212,3,M,J,2
5213,6,H,J,4
5217,2,M,J,2
5219,3,H,J,4
5239,1,M,J,2
5240,8,H,J,4
5274,1,M,J,2
5290,2,mixed,J,3
5295,3,M,J,2
5296,2,M,J,2
5298,2,M,J,2
5310,1,M,J,2
5325,1,M,J,2
5376,1,H,J,4
5377,7,M,J,2
5379,3,H,J,4
5380,2,H,J,4
5381,2,H,J,4
5382,5,H,J,4
5384,4,M,J,2
5385,3,M,J,2
5387,9,M,J,2
5388,1,M,J,2
5389,1,H,J,4
5420,1,H,J,4
5421,1,H,J,4
5429,9,M,J,2
5434,1,M,J,2
5441,4,M,J,2
5442,1,M,J,2
5455,6,H,J,4
5457,10,H,J,4
5458,3,H,J,4
5459,3,H,J,4
5462,4,H,J,4
5468,1,M,J,2
5478,6,M,J,2
5481,10,H,J,4
5482,10,H,J,4
5485,5,M,J,2
5486,1,M,J,2
5487,2,M,J,2
5489,3,M,J,2
5490,1,M,J,2
5494,2,mixed,J,3
5495,1,M,J,2
5507,2,H,J,4
5508,4,H,J,4
5509,2,M,J,2
5510,2,H,J,4
5511,5,M,J,2
5512,2,mixed,J,3
5516,2,H,J,4
5519,2,H,J,4
5544,1,H,J,4
5546,2,mixed,J,3
5548,4,M,J,2
5560,1,H,J,4
5567,6,M,J,2
5568,5,M,J,2
5569,1,M,J,2
5570,1,M,J,2
5605,4,O,O,0
5622,1,A,A,1
5626,3,A,A,1
5629,1,A,A,1
5635,2,M,J,2
5636,1,H,J,4
5638,1,H,J,4
5648,1,M,J,2
5649,1,M,J,2
5651,4,M,J,2
5653,3,M,J,2
5654,1,M,J,2
5656,1,M,J,2
5658,1,M,J,2
5683,7,M,J,2
5684,6,H,J,4
5687,1,M,J,2
5688,2,H,J,4
5690,1,M,J,2
5692,1,M,J,2
5699,1,M,J,2
5700,6,H,J,4
5704,2,M,J,2
5710,2,M,J,2
5713,7,M,J,2
5714,10,M,J,2
5718,2,M,J,2
5719,5,H,J,4
5723,2,H,J,4
5725,5,M,J,2
5726,3,M,J,2
5731,1,A,A,1
5732,3,M,J,2
5734,9,M,J,2
5736,6,M,J,2
5745,3,H,J,4
5747,1,M,J,2
5748,2,M,J,2
5755,2,H,J,4
5756,4,H,J,4
5757,8,H,J,4
5758,18,H,J,4
5760,7,H,J,4
5761,2,H,J,4
5790,2,M,J,2
5796,1,A,A,1
5801,5,H,J,4
5802,5,M,J,2
5803,6,mixed,J,3
5804,2,mixed,J,3
5805,3,M,J,2
5806,4,mixed,J,3
5808,5,M,J,2
5809,3,M,J,2
5812,3,H,J,4
5813,64,M,J,2
5814,2,mixed,J,3
5815,2,mixed,J,3
5816,8,mixed,J,3
5817,4,M,J,2
5818,1,M,J,2
5819,1,H,J,4
5821,1,M,J,2
5830,1,A,A,1
5838,1,M,J,2
5839,2,H,J,4
5840,2,H,J,4
5852,1,M,J,2
5854,1,A,A,1
5855,1,A,A,1
5867,2,M,J,2
5868,2,M,J,2
5869,5,H,J,4
5870,6,M,J,2
5871,2,mixed,J,3
5872,5,H,J,4
5889,5,M,J,2
5903,2,A,A,1
5904,2,H,J,4
5909,1,M,J,2
5910,7,M,J,2
5911,1,M,J,2
5912,2,M,J,2
5913,3,M,J,2
5916,3,A,A,1
5923,11,H,J,4
5924,1,H,J,4
5930,4,M,J,2
5931,12,M,J,2
5932,3,M,J,2
5933,5,M,J,2
5934,4,H,J,4
5935,8,H,J,4
5937,8,mixed,J,3
5938,3,M,J,2
5940,4,H,J,4
5941,2,H,J,4
5942,4,H,J,4
5943,1,H,J,4
5953,4,mixed,J,3
5959,11,M,J,2
5960,1,M,J,2
5962,2,M,J,2
5963,2,M,J,2
5964,2,H,J,4
5967,2,mixed,J,3
5977,1,H,J,4
5979,3,M,J,2
5983,4,H,J,4
5984,1,H,J,4
5985,3,H,J,4
5986,3,H,J,4
5989,1,H,J,4
5992,2,M,J,2
5993,3,A,A,1
5997,2,H,J,4
6001,3,M,J,2
6004,1,M,J,2
6017,1,H,J,4
6018,4,mixed,J,3
6019,11,M,J,2
6020,10,M,J,2
6021,12,M,J,2
6026,1,M,J,2
6034,1,H,J,4
6043,17,M,J,2
6046,2,M,J,2
6049,6,M,J,2
6075,5,H,J,4
6076,2,mixed,J,3
6093,1,H,J,4
6106,5,M,J,2
6107,8,M,J,2
6108,12,M,J,2
6109,3,M,J,2
6110,3,M,J,2
6111,9,H,J,4
6122,66,H,J,4
6123,13,H,J,4
6124,9,H,J,4
6125,9,M,J,2
6126,3,M,J,2
6127,10,M,J,2
6128,11,M,J,2
6130,4,M,J,2
6133,10,M,J,2
6134,15,M,J,2
6135,4,M,J,2
6136,8,H,J,4
6137,2,M,J,2
6142,11,M,J,2
6143,2,M,J,2
6144,10,M,J,2
6145,18,M,J,2
6146,3,H,J,4
6150,7,M,J,2
6154,5,M,J,2
6155,2,M,J,2
6156,10,M,J,2
6157,4,M,J,2
6158,11,M,J,2
6159,8,mixed,J,3
6160,5,M,J,2
6161,10,M,J,2
6162,4,M,J,2
6163,7,M,J,2
6164,1,H,J,4
6166,3,M,J,2
6167,7,M,J,2
6168,6,M,J,2
6176,5,M,J,2
6178,1,M,J,2
6180,10,M,J,2
6181,10,M,J,2
6182,10,M,J,2
6183,8,mixed,J,3
6184,2,H,J,4
6185,5,M,J,2
6186,13,M,J,2
6187,31,H,J,4
6188,26,H,J,4
6189,21,H,J,4
6190,36,H,J,4
6191,7,H,J,4
6192,23,H,J,4
6193,1,M,J,2
6194,3,M,J,2
6195,12,H,J,4
6196,10,H,J,4
6203,11,M,J,2
6204,4,M,J,2
6205,5,M,J,2
6206,1,M,J,2
6207,3,M,J,2
6210,1,M,J,2
6211,2,M,J,2
6212,10,M,J,2
6213,8,M,J,2
6214,2,M,J,2
6217,12,M,J,2
6228,1,H,J,4
6235,3,M,J,2
6236,3,M,J,2
6248,1,M,J,2
6261,1,H,J,4
6262,1,H,J,4
6272,16,H,J,4
6286,13,M,J,2
6287,8,M,J,2
6288,6,M,J,2
6308,2,M,J,2
6319,1,M,J,2
6320,9,H,J,4
6321,5,H,J,4
6322,2,H,J,4
6324,3,H,J,4
6325,5,H,J,4
6326,5,H,J,4
6327,2,mixed,J,3
6328,1,H,J,4
6332,4,M,J,2
6333,1,M,J,2
6334,2,mixed,J,3
6335,1,M,J,2
6337,1,M,J,2
6355,19,M,J,2
6357,21,M,J,2
6360,10,M,J,2
6361,7,M,J,2
6362,22,M,J,2
6366,3,M,J,2
6369,7,H,J,4
6370,10,M,J,2
6371,11,M,J,2
6372,6,M,J,2
6373,23,M,J,2
6374,2,mixed,J,3
6375,6,M,J,2
6376,5,M,J,2
6377,1,M,J,2
6379,7,M,J,2
6381,4,M,J,2
6382,4,mixed,J,3
6383,1,H,J,4
6384,1,M,J,2
6385,6,M,J,2
6386,1,H,J,4
6387,3,M,J,2
6388,13,M,J,2
6389,7,M,J,2
6390,3,H,J,4
6392,14,H,J,4
6393,1,M,J,2
6394,9,H,J,4
6396,3,M,J,2
6397,2,M,J,2
6399,1,H,J,4
6400,7,H,J,4
6401,9,M,J,2
6402,2,M,J,2
6403,2,mixed,J,3
6404,5,M,J,2
6405,10,M,J,2
6406,5,M,J,2
6407,13,M,J,2
6408,2,M,J,2
6410,3,M,J,2
6411,13,M,J,2
6412,15,M,J,2
6414,7,M,J,2
6415,4,M,J,2
6416,6,M,J,2
6417,15,M,J,2
6418,9,M,J,2
6419,1,H,J,4
6423,2,M,J,2
6424,1,M,J,2
6426,10,M,J,2
6427,7,M,J,2
6428,11,M,J,2
6429,6,M,J,2
6430,16,M,J,2
6431,9,M,J,2
6432,4,M,J,2
6433,10,M,J,2
6434,1,M,J,2
6435,8,M,J,2
6436,1,H,J,4
6437,6,M,J,2
6438,7,M,J,2
6439,7,M,J,2
6440,2,mixed,J,3
6441,3,M,J,2
6442,4,M,J,2
6443,6,M,J,2
6444,1,M,J,2
6445,1,M,J,2
6446,10,M,J,2
6447,2,M,J,2
6448,1,M,J,2
6450,1,M,J,2
6451,1,M,J,2
6452,3,M,J,2
6453,3,M,J,2
6454,1,M,J,2
6455,12,M,J,2
6456,10,M,J,2
6468,1,H,J,4
6485,4,M,J,2
6490,11,M,J,2
6491,7,M,J,2
6492,3,M,J,2
6493,5,M,J,2
6494,2,M,J,2
6495,6,M,J,2
6496,1,M,J,2
6497,5,M,J,2
6498,4,M,J,2
6502,3,M,J,2
6504,1,M,J,2
6517,1,M,J,2
6520,2,M,J,2
6524,3,M,J,2
6525,6,M,J,2
6526,9,M,J,2
6527,12,M,J,2
6528,7,M,J,2
6532,2,M,J,2
6534,5,M,J,2
6535,1,M,J,2
6536,15,M,J,2
6537,1,M,J,2
6538,8,M,J,2
6539,4,M,J,2
6540,2,H,J,4
6541,3,M,J,2
6544,3,M,J,2
6545,5,M,J,2
6546,14,M,J,2
6547,2,H,J,4
6551,9,M,J,2
6552,4,M,J,2
6557,3,M,J,2
6558,7,M,J,2
6560,4,M,J,2
6566,1,M,J,2
6577,4,mixed,J,3
6578,3,M,J,2
6579,3,M,J,2
6580,19,M,J,2
6581,12,H,J,4
6582,6,M,J,2
6583,16,M,J,2
6586,14,M,J,2
6587,3,H,J,4
6589,2,M,J,2
6599,3,M,J,2
6614,11,M,J,2
6615,5,M,J,2
6616,1,M,J,2
6620,11,M,J,2
6623,10,M,J,2
6624,9,M,J,2
6625,18,M,J,2
6626,4,M,J,2
6627,4,M,J,2
6628,8,M,J,2
6629,2,M,J,2
6630,7,M,J,2
6631,13,M,J,2
6636,10,M,J,2
6637,12,M,J,2
6638,9,M,J,2
6646,2,M,J,2
6653,3,M,J,2
6657,3,M,J,2
6661,4,M,J,2
6663,4,M,J,2
6666,2,M,J,2
6667,1,M,J,2
6668,3,M,J,2
6669,4,M,J,2
6685,4,M,J,2
6688,1,M,J,2
6691,2,M,J,2
6692,3,H,J,4
6693,3,M,J,2
6694,4,M,J,2
6695,4,M,J,2
6704,1,M,J,2
6711,12,mixed,J,3
6712,12,M,J,2
6713,7,H,J,4
6714,11,M,J,2
6715,15,M,J,2
6716,3,M,J,2
6717,2,M,J,2
6720,21,M,J,2
6721,2,M,J,2
6725,2,M,J,2
6727,3,M,J,2
6740,6,M,J,2
6746,2,M,J,2
6750,10,M,J,2
6755,4,M,J,2
6759,7,M,J,2
6760,11,M,J,2
6769,1,M,J,2
6770,0,H,J,4
6771,2,M,J,2
6772,3,M,J,2
6790,18,H,J,4
6794,1,M,J,2
6797,2,M,J,2
6799,1,H,J,4
6800,2,M,J,2
6807,5,M,J,2
6809,2,M,J,2
6810,11,M,J,2
6811,3,H,J,4
6813,3,H,J,4
6814,4,H,J,4
6821,3,M,J,2
6822,2,M,J,2
6823,4,M,J,2
6826,1,M,J,2
6829,2,H,J,4
6837,4,H,J,4
6843,1,M,J,2
6849,2,M,J,2
6851,1,M,J,2
6853,3,H,J,4
6855,3,M,J,2
6858,1,H,J,4
6859,2,M,J,2
6860,1,M,J,2
6861,1,H,J,4
6862,2,M,J,2
6864,4,M,J,2
6865,1,M,J,2
6866,8,M,J,2
6869,10,M,J,2
6870,5,M,J,2
6872,6,M,J,2
6873,3,M,J,2
6876,2,H,J,4
6879,1,M,J,2
6880,4,M,J,2
6882,1,H,J,4
6886,4,M,J,2
6889,2,M,J,2
6891,1,M,J,2
6892,5,M,J,2
6903,2,M,J,2
6906,1,M,J,2
6910,1,M,J,2
6911,11,M,J,2
6915,1,M,J,2
6919,1,H,J,4
6920,4,M,J,2
6933,2,mixed,J,3
6952,2,M,J,2
6955,3,M,J,2
6957,3,M,J,2
6958,1,M,J,2
6960,11,M,J,2
6962,3,M,J,2
6963,1,M,J,2
6972,4,M,J,2
6973,3,M,J,2
6976,1,M,J,2
6977,2,M,J,2
6982,1,M,J,2
6985,1,H,J,4
6986,9,M,J,2
6991,1,M,J,2
6995,4,M,J,2
6996,4,M,J,2
6997,9,M,J,2
6998,2,mixed,J,3
6999,2,M,J,2
7000,3,M,J,2
7001,1,M,J,2
7002,1,M,J,2
7003,1,M,J,2
7018,1,M,J,2
7022,2,A,A,1
7023,5,A,A,1
7045,6,M,J,2
7046,2,A,A,1
7047,4,O,O,0
7048,2,mixed,J,3
7050,6,M,J,2
7058,2,H,J,4
7059,3,M,J,2
7065,2,M,J,2
7069,2,M,J,2
7070,6,M,J,2
7076,2,M,J,2
7078,6,M,J,2
7084,3,M,J,2
7089,4,A,A,1
7092,2,M,J,2
7095,4,M,J,2
7097,4,mixed,J,3
7103,2,M,J,2
7110,6,M,J,2
7111,3,M,J,2
7113,1,H,J,4
7116,1,A,A,1
7120,3,M,J,2
7122,4,M,J,2
7123,4,M,J,2
7124,8,H,J,4
7126,3,H,J,4
7127,4,M,J,2
7128,9,M,J,2
7129,6,M,J,2
7130,9,M,J,2
7131,4,M,J,2
7132,12,M,J,2
7133,2,M,J,2
7134,1,M,J,2
7135,2,M,J,2
7136,8,M,J,2
7137,5,M,J,2
7138,5,M,J,2
7139,8,M,J,2
7140,3,M,J,2
7141,2,M,J,2
7142,4,M,J,2
7143,2,H,J,4
7144,1,M,J,2
7145,4,M,J,2
7146,5,M,J,2
7148,1,H,J,4
7150,9,M,J,2
7151,3,M,J,2
7152,2,mixed,J,3
7154,3,M,J,2
7155,12,M,J,2
7156,7,M,J,2
7160,5,H,J,4
7161,6,M,J,2
7163,2,M,J,2
7164,1,M,J,2
7165,6,M,J,2
7166,2,M,J,2
7167,4,M,J,2
7168,1,M,J,2
7169,3,M,J,2
7171,3,M,J,2
7172,2,M,J,2
7173,1,M,J,2
7174,5,M,J,2
7175,1,M,J,2
7176,2,M,J,2
7178,2,M,J,2
7182,4,M,J,2
7183,7,M,J,2
7184,4,M,J,2
7187,1,H,J,4
7190,7,A,A,1
7193,2,M,J,2
7194,10,M,J,2
7195,7,M,J,2
7196,5,H,J,4
7197,1,M,J,2
7204,2,M,J,2
7209,8,M,J,2
7210,1,H,J,4
7211,2,H,J,4
7214,4,M,J,2
7215,2,M,J,2
7216,3,H,J,4
7217,3,H,J,4
7218,2,mixed,J,3
7220,4,M,J,2
7221,2,M,J,2
7222,5,M,J,2
7233,2,M,J,2
7236,1,M,J,2
7239,3,M,J,2
7240,4,M,J,2
7241,4,M,J,2
7242,6,M,J,2
7243,2,mixed,J,3
7244,6,M,J,2
7248,3,M,J,2
7250,2,M,J,2
7257,2,M,J,2
7259,2,A,A,1
7261,3,M,J,2
7271,1,M,J,2
7281,4,H,J,4
7282,3,M,J,2
7285,1,M,J,2
7286,1,H,J,4
7291,5,M,J,2
7305,2,H,J,4
7321,6,M,J,2
7341,2,M,J,2
7342,4,M,J,2
7343,1,H,J,4
7344,3,M,J,2
7361,21,H,J,4
7362,2,mixed,J,3
7363,1,M,J,2
7364,1,M,J,2
7365,2,M,J,2
7370,2,M,J,2
7371,2,mixed,J,3
7373,3,M,J,2
7374,6,M,J,2
7375,1,M,J,2
7408,5,M,J,2
7423,1,H,J,4
7427,1,M,J,2
7428,2,A,A,1
7429,4,M,J,2
7431,1,M,J,2
7434,2,H,J,4
7437,2,M,J,2
7506,1,A,A,1
7507,21,A,A,1
7508,2,A,A,1
7580,1,M,J,2
7582,3,M,J,2
7585,1,M,J,2
7589,1,M,J,2
7590,1,M,J,2
7593,5,M,J,2
7594,2,M,J,2
7601,6,M,J,2
7602,5,M,J,2
7603,1,M,J,2
7604,2,M,J,2
7606,5,M,J,2
7614,1,M,J,2
7618,5,M,J,2
7620,7,H,J,4
7621,18,M,J,2
7637,2,M,J,2
7649,5,M,J,2
7650,7,M,J,2
7651,7,M,J,2
7652,3,M,J,2
7654,15,M,J,2
7655,9,M,J,2
7656,2,H,J,4
7676,2,M,J,2
7696,3,M,J,2
7711,4,M,J,2
7726,3,M,J,2
7727,3,H,J,4
7730,2,mixed,J,3
7731,4,mixed,J,3
7748,6,M,J,2
7752,2,M,J,2
7765,1,A,A,1
7773,2,A,A,1
7774,2,A,A,1
7776,1,A,A,1
7781,36,A,A,1
7787,4,M,J,2
7788,1,M,J,2
7792,4,M,J,2
7793,2,M,J,2
7796,1,M,J,2
7797,1,M,J,2
7800,3,H,J,4
7802,4,M,J,2
7815,5,H,J,4
7817,2,M,J,2
7822,1,H,J,4
7827,1,A,A,1
7842,2,A,A,1
7848,4,A,A,1
7849,2,A,A,1
7850,1,A,A,1
7856,3,A,A,1
7863,2,A,A,1
7864,1,A,A,1
7873,1,A,A,1
7880,2,M,J,2
7881,1,M,J,2
7922,5,H,J,4
7926,6,M,J,2
7928,3,M,J,2
7929,4,mixed,J,3
7932,15,M,J,2
7933,4,mixed,J,3
7936,6,M,J,2
7938,1,M,J,2
7940,3,H,J,4
7941,1,H,J,4
7944,3,M,J,2
7958,3,M,J,2
7959,5,M,J,2
7960,5,M,J,2
7992,2,M,J,2
8000,1,M,J,2
8001,6,M,J,2
8002,6,M,J,2
8006,16,H,J,4
8015,6,M,J,2
8021,1,M,J,2
8024,11,M,J,2
8027,2,M,J,2
8030,1,A,A,1
8036,3,M,J,2
8039,25,M,J,2
8040,1,M,J,2
8042,1,M,J,2
8048,2,A,A,1
8049,1,A,A,1
8062,2,H,J,4
8118,4,M,J,2
8123,6,M,J,2
8124,11,M,J,2
8126,1,M,J,2
8147,2,M,J,2
8149,1,M,J,2
8150,2,M,J,2
8154,3,M,J,2
8191,1,M,J,2
8194,2,M,J,2
8195,5,M,J,2
8210,10,M,J,2
8211,3,M,J,2
8212,1,M,J,2
8215,2,mixed,J,3
8217,10,H,J,4
8219,2,M,J,2
8228,1,M,J,2
8229,1,M,J,2
8230,2,mixed,J,3
8232,2,mixed,J,3
8233,6,H,J,4
8237,1,M,J,2
8238,13,H,J,4
8241,4,H,J,4
8242,4,mixed,J,3
8254,1,M,J,2
8257,4,H,J,4
8259,9,M,J,2
8260,11,H,J,4
8261,7,H,J,4
8265,2,H,J,4
8266,1,M,J,2
8267,18,H,J,4
8268,1,M,J,2
8269,1,H,J,4
8271,7,M,J,2
8272,5,H,J,4
8273,4,mixed,J,3
8274,8,H,J,4
8277,2,M,J,2
8283,5,M,J,2
8284,4,H,J,4
8286,5,M,J,2
8288,6,M,J,2
8292,1,M,J,2
8297,4,M,J,2
8302,4,M,J,2
8315,2,M,J,2
8334,2,M,J,2
8345,1,M,J,2
8358,3,M,J,2
8362,3,M,J,2
8364,2,H,J,4
8383,2,M,J,2
8413,2,mixed,J,3
8414,2,M,J,2
8416,3,M,J,2
8417,0,mixed,J,3
8421,2,M,J,2
8446,2,M,J,2
8448,4,M,J,2
8462,3,M,J,2
8480,1,M,J,2
8502,3,M,J,2
8546,2,M,J,2
8550,3,M,J,2
8554,4,M,J,2
8561,1,H,J,4
8564,1,M,J,2
8568,2,mixed,J,3
8628,3,M,J,2
8629,2,M,J,2
8631,5,M,J,2
8635,3,M,J,2
8651,1,A,A,1
8652,3,A,A,1
8656,3,A,A,1
8658,2,A,A,1
8660,1,A,A,1
8686,4,M,J,2
8689,1,M,J,2
8691,3,H,J,4
8702,2,A,A,1
8708,5,A,A,1
8715,3,M,J,2
8726,4,M,J,2
8729,4,M,J,2
8730,5,M,J,2
8731,2,M,J,2
8732,1,H,J,4
8738,2,H,J,4
8752,2,A,A,1
8753,2,A,A,1
8754,5,A,A,1
8756,1,A,A,1
8760,1,A,A,1
8761,7,A,A,1
8762,2,A,A,1
8765,1,A,A,1
8772,3,A,A,1
8774,1,A,A,1
8780,2,A,A,1
8801,3,M,J,2
8802,2,M,J,2
8805,2,M,J,2
8806,3,M,J,2
8807,2,M,J,2
8808,2,M,J,2
8826,1,A,A,1
8827,1,A,A,1
8831,1,A,A,1
8841,1,A,A,1
8852,2,M,J,2
8853,3,M,J,2
8855,3,M,J,2
8861,17,A,A,1
8864,1,A,A,1
8879,1,A,A,1
8880,3,A,A,1
8883,1,A,A,1
8894,1,M,J,2
8897,1,M,J,2
8901,6,M,J,2
8914,3,M,J,2
8917,4,M,J,2
8919,4,M,J,2
8921,1,M,J,2
8924,5,M,J,2
8947,3,M,J,2
8952,2,M,J,2
8957,2,M,J,2
8959,1,M,J,2
8963,1,M,J,2
8966,3,M,J,2
8969,1,M,J,2
8971,2,M,J,2
8972,2,M,J,2
8975,1,M,J,2
8976,2,M,J,2
8996,1,A,A,1
8997,1,A,A,1
9016,1,A,A,1
9039,2,M,J,2
9042,1,H,J,4
9043,3,M,J,2
9056,1,M,J,2
9066,1,M,J,2
9067,2,M,J,2
9071,2,H,J,4
9073,4,H,J,4
9081,1,A,A,1
9088,2,M,J,2
9089,1,M,J,2
9090,14,M,J,2
9117,2,M,J,2
9125,1,M,J,2
9127,2,M,J,2
9128,1,M,J,2
9131,2,M,J,2
9146,3,M,J,2
9151,3,M,J,2
9216,5,M,J,2
9501,2,M,J,2
9503,5,M,J,2
9803,4,O,O,0
9901,5,M,J,2
9903,4,M,J,2
9904,2,M,J,2
9905,17,M,J,2
9908,1,M,J,2
10009,2,mixed,J,3
10012,2,H,J,4
10013,4,H,J,4
10016,9,M,J,2
10031,5,M,J,2
10032,6,M,J,2
10033,1,H,J,4
10034,5,M,J,2
10035,7,M,J,2
10036,7,M,J,2
10037,12,H,J,4
10038,2,M,J,2
10041,6,H,J,4
10042,6,mixed,J,3
10049,9,M,J,2
10050,1,H,J,4
10054,2,mixed,J,3
10059,3,M,J,2
10061,5,M,J,2
10062,2,M,J,2
10063,1,M,J,2
10064,6,H,J,4
10071,6,M,J,2
10072,10,M,J,2
10073,4,M,J,2
10074,6,M,J,2
10076,6,M,J,2
10079,3,M,J,2
10080,4,M,J,2
10081,1,M,J,2
10088,2,M,J,2
10098,1,M,J,2
10099,4,M,J,2
10101,1,M,J,2
10102,5,M,J,2
10103,4,mixed,J,3
10104,2,mixed,J,3
10105,5,M,J,2
10107,6,M,J,2
10111,1,H,J,4
10119,3,H,J,4
10121,3,H,J,4
10122,5,H,J,4
10123,6,M,J,2
10130,1,M,J,2
10132,1,M,J,2
10142,2,M,J,2
10143,4,M,J,2
10144,2,M,J,2
10145,1,H,J,4
10148,2,M,J,2
10151,2,mixed,J,3
10158,1,M,J,2
10159,4,M,J,2
10172,1,H,J,4
10174,2,mixed,J,3
10195,2,M,J,2
10198,2,M,J,2
10205,16,M,J,2
10206,1,M,J,2
10215,5,M,J,2
10223,1,M,J,2
10232,6,M,J,2
10236,3,M,J,2
10256,10,M,J,2
10257,1,M,J,2
10259,2,M,J,2
10262,5,A,A,1
10265,2,A,A,1
10268,6,A,A,1
10270,2,A,A,1
10274,8,A,A,1
10277,1,A,A,1
10279,1,A,A,1
10282,2,A,A,1
10283,1,A,A,1
10284,1,A,A,1
10285,2,A,A,1
10287,1,A,A,1
10312,35,A,A,1
10334,11,O,O,0
10343,1,O,O,0
10344,7,O,O,0
10345,2,O,O,0
10362,1,O,O,0
10366,2,O,O,0
10369,3,O,O,0
10373,2,O,O,0
10376,2,O,O,0
10381,1,O,O,0
10393,2,H,J,4
10397,4,A,A,1
10398,2,A,A,1
10399,28,A,A,1
10400,1,A,A,1
10402,9,M,J,2
10408,1,M,J,2
10411,3,M,J,2
10421,10,M,J,2
10422,4,M,J,2
10423,3,M,J,2
10425,1,M,J,2
10426,22,M,J,2
10427,1,H,J,4
10428,12,M,J,2
10429,2,M,J,2
10430,3,M,J,2
10431,5,M,J,2
10444,32,M,J,2
10446,1,M,J,2
10447,3,M,J,2
10448,5,M,J,2
10449,2,mixed,J,3
10451,2,M,J,2
10452,2,M,J,2
10457,3,M,J,2
10469,3,O,O,0
10474,2,O,O,0
10477,1,M,J,2
10479,1,M,J,2
10504,2,M,J,2
10506,2,M,J,2
10509,1,M,J,2
10511,2,M,J,2
10512,3,M,J,2
10513,1,M,J,2
10540,4,M,J,2
10541,2,mixed,J,3
10551,2,M,J,2
10562,5,M,J,2
10568,2,M,J,2
10570,11,H,J,4
10572,7,M,J,2
10573,1,M,J,2
10580,3,M,J,2
10588,2,M,J,2
10591,1,M,J,2
10592,3,M,J,2
10593,3,M,J,2
10594,1,M,J,2
10607,4,M,J,2
10613,3,M,J,2
10620,2,M,J,2
10621,2,M,J,2
10622,4,mixed,J,3
10628,1,M,J,2
10634,1,H,J,4
10637,2,M,J,2
10650,3,H,J,4
10675,2,H,J,4
10676,2,H,J,4
10677,7,M,J,2
10679,4,mixed,J,3
10686,2,M,J,2
10688,1,M,J,2
10713,2,mixed,J,3
10735,1,M,J,2
10743,3,M,J,2
10744,11,M,J,2
10749,2,M,J,2
10750,2,M,J,2
10763,6,M,J,2
10764,1,M,J,2
10768,2,M,J,2
10769,4,M,J,2
10773,1,M,J,2
10779,3,M,J,2
10780,2,M,J,2
10781,4,mixed,J,3
10782,1,M,J,2
10784,2,M,J,2
10785,2,M,J,2
10792,2,M,J,2
10796,2,M,J,2
10797,6,M,J,2
10800,2,M,J,2
10802,1,M,J,2
10803,10,M,J,2
10804,4,M,J,2
10806,2,M,J,2
10807,2,M,J,2
10814,1,A,A,1
10816,7,M,J,2
10819,2,M,J,2
10826,1,M,J,2
10828,2,O,O,0
10829,1,M,J,2
10864,2,H,J,4
10870,2,M,J,2
10881,1,M,J,2
10882,3,H,J,4
10885,1,H,J,4
10892,6,M,J,2
10893,3,M,J,2
10906,1,H,J,4
10910,3,M,J,2
10913,4,M,J,2
10914,1,M,J,2
10915,2,M,J,2
10917,1,M,J,2
10918,2,M,J,2
10920,1,H,J,4
10923,3,M,J,2
10964,2,A,A,1
10971,5,M,J,2
10988,1,M,J,2
11002,3,M,J,2
11009,6,M,J,2
11010,1,H,J,4
11011,2,M,J,2
11013,7,M,J,2
11014,1,H,J,4
11015,2,M,J,2
11016,2,H,J,4
11017,2,mixed,J,3
11018,1,M,J,2
11022,4,M,J,2
11023,2,mixed,J,3
11025,2,M,J,2
11035,2,M,J,2
11038,1,M,J,2
11048,2,M,J,2
11049,2,M,J,2
11051,1,M,J,2
11083,1,H,J,4
11092,2,M,J,2
11093,1,M,J,2
11094,1,M,J,2
11097,1,H,J,4
11110,2,mixed,J,3
11116,2,mixed,J,3
11120,1,H,J,4
11128,2,H,J,4
11133,1,H,J,4
11144,18,H,J,4
11145,9,H,J,4
11170,1,M,J,2
11175,1,M,J,2
11181,1,H,J,4
11183,1,M,J,2
11184,8,M,J,2
11189,2,M,J,2
11191,4,M,J,2
11192,5,M,J,2
11193,5,M,J,2
11194,2,M,J,2
11196,2,M,J,2
11200,11,M,J,2
11201,1,M,J,2
11202,1,M,J,2
11203,1,M,J,2
11208,4,M,J,2
11211,3,M,J,2
11215,9,M,J,2
11217,2,mixed,J,3
11230,2,M,J,2
11231,2,M,J,2
11235,1,M,J,2
11236,2,M,J,2
11249,2,M,J,2
11252,3,M,J,2
11269,2,M,J,2
11273,1,A,A,1
11281,1,A,A,1
11285,1,A,A,1
11286,3,A,A,1
11288,1,A,A,1
11292,2,M,J,2
11293,1,M,J,2
11298,2,M,J,2
11301,3,M,J,2
11303,4,H,J,4
11307,3,M,J,2
11309,5,M,J,2
11317,3,M,J,2
11320,1,M,J,2
11324,1,M,J,2
11372,2,M,J,2
11373,3,M,J,2
11377,3,M,J,2
11384,3,M,J,2
11388,2,M,J,2
11393,1,M,J,2
11394,7,M,J,2
11395,1,M,J,2
11400,1,M,J,2
11411,4,M,J,2
11415,2,M,J,2
11423,2,M,J,2
11438,2,M,J,2
11450,2,H,J,4
11467,2,M,J,2
11502,1,O,O,0
11506,13,O,O,0
11508,1,O,O,0
11509,5,O,O,0
11519,2,O,O,0
11529,1,M,J,2
11531,1,M,J,2
11534,4,M,J,2
11535,3,M,J,2
11538,1,M,J,2
11539,2,M,J,2
11543,1,H,J,4
11546,1,M,J,2
11550,1,M,J,2
11553,1,H,J,4
11554,3,M,J,2
11555,4,M,J,2
11561,2,M,J,2
11562,1,M,J,2
11563,4,M,J,2
11564,1,M,J,2
11566,3,H,J,4
11567,7,M,J,2
11569,1,H,J,4
11571,5,M,J,2
11575,1,M,J,2
11576,1,M,J,2
11577,3,M,J,2
11580,5,M,J,2
11581,6,M,J,2
11582,1,H,J,4
11583,3,M,J,2
11584,1,M,J,2
11585,4,M,J,2
11586,1,M,J,2
11589,7,M,J,2
11590,2,M,J,2
11612,1,M,J,2
11620,1,M,J,2
11640,1,M,J,2
11661,1,M,J,2
11679,2,A,A,1
11681,1,M,J,2
11695,2,A,A,1
11738,1,M,J,2
11742,1,H,J,4
11750,1,M,J,2
11770,2,mixed,J,3
11772,3,M,J,2
11796,2,M,J,2
11806,2,H,J,4
11839,1,M,J,2
11879,3,M,J,2
11880,1,H,J,4
11900,1,M,J,2
11947,1,M,J,2
11956,1,A,A,1
11984,1,M,J,2
12005,1,M,J,2
12049,2,M,J,2
12060,5,M,J,2
12088,2,M,J,2
12089,6,M,J,2
12090,2,M,J,2
12124,8,A,A,1
12125,5,A,A,1
12126,1,A,A,1
12127,5,A,A,1
12128,2,A,A,1
12129,6,A,A,1
12134,3,A,A,1
12136,1,A,A,1
12148,5,A,A,1
12156,1,A,A,1
12157,1,A,A,1
12158,1,A,A,1
12165,3,A,A,1
12166,6,A,A,1
12170,37,A,A,1
12172,1,A,A,1
12173,1,A,A,1
12176,4,A,A,1
12191,2,M,J,2
12194,3,M,J,2
12205,2,A,A,1
12207,1,A,A,1
12217,1,O,O,0
12225,2,H,J,4
12226,1,M,J,2
12245,3,M,J,2
12249,2,M,J,2
12256,1,M,J,2
12263,4,M,J,2
12286,2,M,J,2
12310,4,H,J,4
12319,2,M,J,2
12323,1,O,O,0
12341,2,M,J,2
12351,3,M,J,2
12367,2,M,J,2
12371,2,M,J,2
12377,2,mixed,J,3
12378,2,M,J,2
12379,2,M,J,2
12380,1,A,A,1
12381,3,M,J,2
12398,3,M,J,2
12419,1,M,J,2
12423,1,M,J,2
12430,2,M,J,2
12433,2,M,J,2
12451,1,M,J,2
12461,1,M,J,2
12478,2,mixed,J,3
12487,1,H,J,4
12489,1,H,J,4
12496,3,A,A,1
12508,2,M,J,2
12509,1,M,J,2
12518,1,M,J,2
12540,1,M,J,2
12545,1,H,J,4
12565,6,M,J,2
12566,1,M,J,2
12567,5,M,J,2
12569,6,M,J,2
12570,2,M,J,2
12609,1,A,A,1
12612,2,mixed,J,3
12613,6,mixed,J,3
12614,2,mixed,J,3
12615,1,M,J,2
12670,1,M,J,2
12673,1,M,J,2
12675,2,H,J,4
12679,2,M,J,2
12693,4,H,J,4
12706,1,M,J,2
12713,3,M,J,2
12719,2,M,J,2
12721,2,M,J,2
12728,3,M,J,2
12756,2,M,J,2
12758,1,M,J,2
12760,5,M,J,2
12763,1,A,A,1
12766,2,M,J,2
12771,3,M,J,2
12774,5,M,J,2
12783,2,H,J,4
12784,1,M,J,2
12792,4,M,J,2
12795,4,M,J,2
12797,10,M,J,2
12816,3,M,J,2
13046,2,M,J,2
13048,1,M,J,2
13052,2,H,J,4
13053,6,H,J,4
13055,1,H,J,4
13073,1,M,J,2
13074,4,H,J,4
13075,1,H,J,4
13076,7,H,J,4
13077,3,H,J,4
13086,1,H,J,4
13089,2,mixed,J,3
13093,2,H,J,4
13097,1,M,J,2
13105,1,H,J,4
13106,4,M,J,2
13109,1,H,J,4
13110,1,M,J,2
13126,1,M,J,2
13135,3,M,J,2
13139,1,M,J,2
13145,5,M,J,2
13147,1,M,J,2
13161,2,mixed,J,3
13162,2,H,J,4
13164,1,M,J,2
13167,3,M,J,2
13168,3,H,J,4
13169,1,H,J,4
13183,1,M,J,2
13184,1,M,J,2
13195,1,H,J,4
13196,2,mixed,J,3
13215,3,M,J,2
13218,2,H,J,4
13235,1,M,J,2
13237,1,M,J,2
13247,2,M,J,2
13260,3,H,J,4
13292,2,M,J,2
13299,2,M,J,2
13327,1,M,J,2
13340,1,M,J,2
13356,2,M,J,2
13378,4,M,J,2
13387,2,H,J,4
13388,1,H,J,4
13389,1,H,J,4
13397,2,M,J,2
13414,2,M,J,2
13416,3,M,J,2
13445,2,M,J,2
13449,1,M,J,2
13466,1,M,J,2
13486,1,M,J,2
13492,3,M,J,2
13499,2,M,J,2
13546,1,M,J,2
13552,1,M,J,2
13553,1,H,J,4
13603,1,H,J,4
13612,3,H,J,4
13619,1,M,J,2
13655,1,M,J,2
13675,2,mixed,J,3
13676,2,H,J,4
13677,1,M,J,2
13688,3,H,J,4
13776,2,mixed,J,3
13784,3,M,J,2
13796,1,H,J,4
13836,2,M,J,2
13846,1,H,J,4
13854,1,H,J,4
13855,3,H,J,4
13856,3,M,J,2
13868,1,A,A,1
13894,3,H,J,4
13895,4,M,J,2
13902,1,H,J,4
13912,2,M,J,2
13922,2,M,J,2
13925,1,M,J,2
13946,1,M,J,2
13962,4,M,J,2
13964,1,H,J,4
13965,1,H,J,4
13979,5,H,J,4
13985,2,M,J,2
13989,1,M,J,2
13994,2,M,J,2
13995,1,H,J,4
14006,1,M,J,2
14026,1,M,J,2
14059,2,H,J,4
14076,1,M,J,2
14084,2,mixed,J,3
14107,5,A,A,1
14109,1,A,A,1
14145,1,A,A,1
14148,1,O,O,0
14149,14,O,O,0
14150,1,O,O,0
14157,1,M,J,2
14166,6,H,J,4
14175,2,O,O,0
14176,1,O,O,0
14185,1,M,J,2
14191,1,M,J,2
14206,1,M,J,2
14207,1,M,J,2
14224,2,M,J,2
14235,1,H,J,4
14240,1,M,J,2
14267,1,H,J,4
14283,3,M,J,2
14311,3,H,J,4
14339,1,H,J,4
14395,1,M,J,2
14453,1,H,J,4
14456,2,H,J,4
14622,1,H,J,4
14670,3,H,J,4
14676,1,H,J,4
14688,4,H,J,4
15001,2,M,J,2
15002,1,M,J,2
15030,1,H,J,4
15034,6,mixed,J,3
15035,1,H,J,4
15036,3,H,J,4
15037,5,M,J,2
15038,1,M,J,2
15040,2,mixed,J,3
15042,2,mixed,J,3
15054,1,H,J,4
15062,4,M,J,2
15063,3,M,J,2
15077,1,M,J,2
15079,5,M,J,2
15097,1,H,J,4
15102,2,M,J,2
15107,2,M,J,2
15116,1,M,J,2
15126,1,M,J,2
15141,1,M,J,2
15159,1,M,J,2
15162,3,M,J,2
15166,3,M,J,2
15168,2,M,J,2
15172,5,H,J,4
15174,2,M,J,2
15177,1,H,J,4
15178,3,M,J,2
15232,2,H,J,4
15233,1,H,J,4
15241,1,M,J,2
15282,5,M,J,2
15284,7,M,J,2
15285,2,H,J,4
15287,9,H,J,4
15288,1,H,J,4
15289,1,M,J,2
15308,1,M,J,2
15316,2,H,J,4
15323,1,M,J,2
15328,3,H,J,4
15334,2,O,O,0
15342,2,M,J,2
15421,1,M,J,2
15437,1,M,J,2
15443,1,M,J,2
15465,4,O,O,0
15473,2,mixed,J,3
15510,2,M,J,2
15525,2,M,J,2
15547,1,M,J,2
15553,3,M,J,2
15556,1,H,J,4
15558,1,O,O,0
15566,2,O,O,0
15609,1,O,O,0
15619,3,O,O,0
15633,2,M,J,2
15636,2,H,J,4
15637,1,M,J,2
15668,2,mixed,J,3
15707,1,M,J,2
15714,1,M,J,2
15715,1,M,J,2
15718,1,M,J,2
15723,2,M,J,2
15745,2,M,J,2
15754,5,O,O,0
15768,2,M,J,2
15771,2,H,J,4
15785,2,M,J,2
15791,1,H,J,4
15792,4,H,J,4
15793,1,M,J,2
16089,2,mixed,J,3
16097,3,H,J,4
16501,2,A,A,1
16503,2,A,A,1
16505,1,A,A,1
16507,2,A,A,1
16508,2,A,A,1
16510,2,A,A,1
16513,5,A,A,1
16519,1,A,A,1
16522,4,A,A,1
16524,45,A,A,1
16529,2,A,A,1
16531,3,A,A,1
16532,6,A,A,1
16534,15,A,A,1
16535,2,A,A,1
16539,1,A,A,1
16541,1,A,A,1
16543,2,A,A,1
16555,1,H,J,4
16557,1,A,A,1
16562,1,A,A,1
16564,5,A,A,1
16565,1,A,A,1
16568,1,A,A,1
16571,2,A,A,1
16572,4,M,J,2
16577,1,A,A,1
16578,14,A,A,1
16579,2,A,A,1
16582,1,A,A,1
16587,3,H,J,4
16590,8,O,O,0
16607,3,A,A,1
16624,2,A,A,1
16632,2,A,A,1
16635,4,A,A,1
16641,3,A,A,1
16642,22,A,A,1
16649,2,M,J,2
16650,3,M,J,2
16652,1,M,J,2
16654,2,M,J,2
16657,2,M,J,2
16658,2,M,J,2
16659,3,H,J,4
16660,6,mixed,J,3
16662,2,H,J,4
16663,1,H,J,4
16681,1,M,J,2
16682,4,mixed,J,3
16690,1,M,J,2
16691,2,M,J,2
16692,3,M,J,2
16694,1,H,J,4
16701,1,M,J,2
16702,2,H,J,4
16704,1,M,J,2
16707,2,mixed,J,3
16712,1,H,J,4
16716,1,M,J,2
16738,6,M,J,2
16739,1,M,J,2
16741,2,M,J,2
16756,2,A,A,1
16758,2,H,J,4
16761,3,M,J,2
16762,2,M,J,2
16774,3,M,J,2
16789,4,M,J,2
16801,1,M,J,2
16811,1,M,J,2
16824,6,O,O,0
16874,9,A,A,1
16875,6,A,A,1
16876,1,A,A,1
16877,2,A,A,1
16878,1,A,A,1
16879,2,A,A,1
16880,4,A,A,1
16884,4,A,A,1
16891,2,M,J,2
16901,1,A,A,1
16904,28,A,A,1
16905,3,A,A,1
16917,3,A,A,1
16938,1,A,A,1
16941,2,A,A,1
16948,3,A,A,1
16963,1,A,A,1
16971,1,A,A,1
16995,2,O,O,0
17037,7,M,J,2
17049,2,M,J,2
17051,4,A,A,1
17056,1,A,A,1
17093,1,M,J,2
17109,3,A,A,1
17112,1,A,A,1
17114,5,A,A,1
17118,1,A,A,1
17119,1,M,J,2
17120,1,M,J,2
17125,5,O,O,0
17130,1,O,O,0
17133,1,O,O,0
17156,1,O,O,0
17157,1,O,O,0
17158,7,O,O,0
17166,1,O,O,0
17177,1,O,O,0
17178,2,M,J,2
17188,2,mixed,J,3
17197,3,M,J,2
17200,6,A,A,1
17202,1,A,A,1
17203,1,M,J,2
17204,1,M,J,2
17214,2,M,J,2
17216,1,O,O,0
17217,1,O,O,0
17219,1,O,O,0
17235,2,A,A,1
17252,2,M,J,2
17286,3,M,J,2
17287,2,M,J,2
17288,2,M,J,2
17296,1,M,J,2
17307,3,M,J,2
17333,1,H,J,4
17335,2,M,J,2
17343,3,H,J,4
17344,2,H,J,4
17357,9,H,J,4
17370,2,mixed,J,3
17377,4,H,J,4
17385,1,A,A,1
17393,1,A,A,1
17395,1,A,A,1
17398,2,A,A,1
17427,2,M,J,2
17443,2,H,J,4
17445,1,H,J,4
17450,2,mixed,J,3
17455,1,M,J,2
17457,2,H,J,4
17465,2,A,A,1
17472,5,A,A,1
17476,2,O,O,0
17480,1,O,O,0
17482,5,O,O,0
17484,9,A,A,1
17486,2,A,A,1
17490,3,O,O,0
17495,4,O,O,0
17499,4,O,O,0
17502,1,O,O,0
17511,3,A,A,1
17519,2,A,A,1
17521,1,A,A,1
17523,23,A,A,1
17524,2,A,A,1
17528,1,M,J,2
17531,2,M,J,2
17540,5,O,O,0
17543,5,O,O,0
17544,1,O,O,0
17547,1,O,O,0
17550,3,H,J,4
17556,2,O,O,0
17559,1,A,A,1
17564,1,A,A,1
17566,1,A,A,1
17572,2,A,A,1
17573,44,A,A,1
17581,3,O,O,0
17585,2,O,O,0
17593,3,M,J,2
17614,2,M,J,2
17648,2,O,O,0
17650,2,M,J,2
17656,6,O,O,0
17667,5,H,J,4
17670,3,M,J,2
17681,4,M,J,2
17687,1,A,A,1
17689,1,A,A,1
17694,10,A,A,1
17697,4,M,J,2
17699,2,M,J,2
17704,1,M,J,2
17706,1,M,J,2
17723,1,M,J,2
17734,2,M,J,2
17735,1,H,J,4
17746,1,M,J,2
17747,2,M,J,2
17748,1,A,A,1
17749,1,M,J,2
17750,2,mixed,J,3
17755,2,M,J,2
17763,2,M,J,2
17764,1,M,J,2
17766,4,M,J,2
17767,1,M,J,2
17768,1,H,J,4
17770,3,H,J,4
17771,2,M,J,2
17772,1,H,J,4
17773,1,M,J,2
17776,1,M,J,2
17778,1,M,J,2
17780,2,M,J,2
17784,5,M,J,2
17785,1,M,J,2
17801,5,H,J,4
17803,4,H,J,4
17805,4,M,J,2
17806,4,H,J,4
17809,3,H,J,4
17819,2,M,J,2
17820,2,M,J,2
17821,4,M,J,2
17822,4,mixed,J,3
17823,1,M,J,2
17832,2,H,J,4
17833,5,M,J,2
17834,4,mixed,J,3
17835,4,H,J,4
17836,1,M,J,2
17837,2,M,J,2
17838,1,M,J,2
17846,2,M,J,2
17854,3,M,J,2
17856,1,M,J,2
17858,4,M,J,2
17859,1,M,J,2
17864,2,M,J,2
17889,2,M,J,2
18001,1,M,J,2
18004,4,A,A,1
18005,2,mixed,J,3
18007,2,A,A,1
18008,6,A,A,1
18016,3,A,A,1
18017,3,A,A,1
18018,4,O,O,0
18020,3,H,J,4
18021,1,M,J,2
18033,1,M,J,2
18035,2,H,J,4
18043,5,M,J,2
18051,1,M,J,2
18056,2,H,J,4
18097,2,M,J,2
18103,2,mixed,J,3
18104,2,H,J,4
18105,1,H,J,4
18106,5,M,J,2
18107,4,M,J,2
18108,3,M,J,2
18110,2,M,J,2
18112,7,M,J,2
18115,1,M,J,2
18133,2,M,J,2
18135,6,M,J,2
18136,1,M,J,2
18138,1,A,A,1
18146,4,mixed,J,3
18148,6,H,J,4
18149,1,M,J,2
18150,1,H,J,4
18161,11,M,J,2
18162,1,M,J,2
18165,2,mixed,J,3
18166,9,M,J,2
18167,2,M,J,2
18168,2,M,J,2
18170,1,M,J,2
18171,1,M,J,2
18172,3,H,J,4
18174,8,M,J,2
18175,4,M,J,2
18177,4,mixed,J,3
18182,3,M,J,2
18207,1,M,J,2
18208,6,M,J,2
18209,7,M,J,2
18212,2,M,J,2
18214,2,M,J,2
18217,2,M,J,2
18243,2,A,A,1
18244,5,A,A,1
18326,1,M,J,2
18328,1,M,J,2
18329,2,M,J,2
18330,1,H,J,4
18367,3,M,J,2
18375,1,M,J,2
18376,2,M,J,2
18407,2,M,J,2
18410,4,M,J,2
18420,3,M,J,2
18429,2,H,J,4
18441,1,O,O,0
18457,2,M,J,2
18484,1,H,J,4
18485,2,mixed,J,3
18486,1,H,J,4
18510,2,H,J,4
18517,1,H,J,4
18521,4,M,J,2
18525,13,A,A,1
18530,3,A,A,1
18538,3,H,J,4
18542,18,A,A,1
18548,2,A,A,1
18550,2,mixed,J,3
18559,3,M,J,2
18563,1,A,A,1
18564,1,A,A,1
18565,2,A,A,1
18579,2,A,A,1
18581,1,A,A,1
18583,1,A,A,1
18584,1,A,A,1
18587,1,A,A,1
18595,1,H,J,4
18597,1,H,J,4
18598,1,M,J,2
18615,1,H,J,4
18619,1,M,J,2
18639,1,A,A,1
18640,1,A,A,1
18674,3,A,A,1
18675,1,M,J,2
18682,2,H,J,4
18687,2,H,J,4
18726,3,O,O,0
18731,7,O,O,0
18739,1,H,J,4
18750,1,O,O,0
18764,3,A,A,1
18767,1,A,A,1
18775,1,H,J,4
18776,2,H,J,4
18783,1,M,J,2
18789,2,O,O,0
18795,1,O,O,0
18799,2,M,J,2
18801,2,A,A,1
18813,1,A,A,1
18818,2,A,A,1
18822,1,A,A,1
18839,13,A,A,1
18855,1,O,O,0
18859,1,M,J,2
18876,7,A,A,1
18884,1,M,J,2
18887,2,O,O,0
18898,3,O,O,0
18899,17,O,O,0
18907,1,M,J,2
18909,1,M,J,2
18920,2,O,O,0
18922,1,O,O,0
18924,1,O,O,0
18925,2,O,O,0
18926,1,O,O,0
18928,1,O,O,0
18933,2,O,O,0
18934,1,O,O,0
18935,3,O,O,0
18947,2,M,J,2
18958,2,M,J,2
18967,1,A,A,1
18970,9,A,A,1
18971,5,A,A,1
18975,3,A,A,1
18986,1,M,J,2
18988,2,M,J,2
18990,3,M,J,2
18997,5,H,J,4
18998,3,M,J,2
18999,1,M,J,2
19000,1,M,J,2
19009,4,M,J,2
19015,2,M,J,2
19016,1,H,J,4
19017,1,H,J,4
19021,2,H,J,4
19022,2,M,J,2
19023,1,M,J,2
19042,1,M,J,2
19050,1,A,A,1
19051,2,A,A,1
19054,4,A,A,1
19056,29,A,A,1
19061,2,H,J,4
19062,6,M,J,2
19063,3,H,J,4
19067,3,M,J,2
19068,2,M,J,2
19071,3,M,J,2
19079,1,H,J,4
19088,1,M,J,2
19092,2,O,O,0
19093,1,O,O,0
19098,7,O,O,0
19100,2,O,O,0
19126,1,A,A,1
19128,31,A,A,1
19160,2,H,J,4
19162,1,M,J,2
19164,2,M,J,2
19173,1,O,O,0
19180,1,O,O,0
19200,1,O,O,0
19203,6,O,O,0
19209,18,A,A,1
19222,1,M,J,2
19225,10,O,O,0
19229,1,O,O,0
19230,1,O,O,0
19231,3,O,O,0
19253,2,O,O,0
19255,3,M,J,2
19261,1,O,O,0
19263,2,M,J,2
19271,3,A,A,1
19279,1,A,A,1
19281,1,A,A,1
19282,1,A,A,1
19314,1,A,A,1
19319,1,A,A,1
19321,2,A,A,1
19346,1,A,A,1
19383,59,A,A,1
19385,2,A,A,1
19396,1,M,J,2
19398,3,M,J,2
19412,1,A,A,1
19418,1,A,A,1
19428,2,A,A,1
19438,1,M,J,2
19441,2,M,J,2
19482,1,M,J,2
19487,1,O,O,0
19489,11,O,O,0
19503,2,O,O,0
19506,22,O,O,0
19512,1,O,O,0
19517,1,O,O,0
19580,1,A,A,1
19607,1,A,A,1
19608,15,A,A,1
19609,1,A,A,1
19610,1,A,A,1
19635,2,M,J,2
19639,1,M,J,2
19691,1,A,A,1
19704,1,M,J,2
19727,1,M,J,2
19730,2,A,A,1
19732,14,A,A,1
19733,1,A,A,1
19735,2,M,J,2
19738,2,M,J,2
19742,3,O,O,0
19758,1,O,O,0
19759,3,H,J,4
19786,1,M,J,2
19790,2,M,J,2
19799,3,M,J,2
19804,2,M,J,2
19816,2,M,J,2
19820,2,M,J,2
19840,1,H,J,4
19845,1,M,J,2
19866,1,H,J,4
19870,1,M,J,2
19871,1,M,J,2
19872,12,M,J,2
19873,4,M,J,2
19874,5,H,J,4
19883,1,M,J,2
19888,2,M,J,2
19890,1,A,A,1
19901,1,H,J,4
19914,6,M,J,2
19916,1,M,J,2
19919,2,H,J,4
19920,2,M,J,2
19922,1,M,J,2
19924,1,H,J,4
19931,2,M,J,2
19936,2,M,J,2
19945,1,M,J,2
19959,1,M,J,2
19966,2,M,J,2
20013,1,A,A,1
20015,9,A,A,1
20038,1,M,J,2
20039,1,M,J,2
20251,1,M,J,2
20279,3,M,J,2
20300,1,A,A,1
20302,5,A,A,1
20304,4,A,A,1
20305,1,A,A,1
20311,7,A,A,1
20312,3,A,A,1
20313,1,A,A,1
20314,1,A,A,1
20315,1,A,A,1
20324,3,A,A,1
20327,1,A,A,1
20329,9,A,A,1
20331,2,A,A,1
20339,8,A,A,1
20340,18,A,A,1
20341,3,A,A,1
20343,1,A,A,1
20344,1,A,A,1
20353,1,A,A,1
20356,11,A,A,1
20357,4,A,A,1
20362,1,M,J,2
20369,2,H,J,4
20372,14,A,A,1
20382,1,A,A,1
20385,1,M,J,2
20395,1,M,J,2
20400,10,A,A,1
20401,1,A,A,1
20405,8,A,A,1
20406,7,A,A,1
20408,8,A,A,1
20409,6,A,A,1
20410,6,A,A,1
20411,2,A,A,1
20412,2,A,A,1
20413,1,A,A,1
20418,3,A,A,1
20419,3,A,A,1
20434,1,A,A,1
20435,4,A,A,1
20456,1,M,J,2
20462,1,M,J,2
20463,2,M,J,2
20538,2,M,J,2
20543,5,A,A,1
20569,1,H,J,4
20715,3,A,A,1
20716,1,A,A,1
20718,1,A,A,1
20734,1,M,J,2
20735,1,M,J,2
20748,1,H,J,4
20751,1,H,J,4
20753,1,H,J,4
20766,1,M,J,2
20768,3,H,J,4
20775,3,M,J,2
20782,2,M,J,2
20785,1,H,J,4
20786,1,H,J,4
20855,1,M,J,2
20857,6,M,J,2
20881,3,H,J,4
20883,3,H,J,4
20907,1,H,J,4
20958,1,M,J,2
20963,2,M,J,2
20968,2,M,J,2
20984,1,M,J,2
20987,2,M,J,2
21065,2,M,J,2
21066,2,M,J,2
21087,2,M,J,2
21090,1,M,J,2
21092,2,M,J,2
21093,1,M,J,2
21106,5,H,J,4
21118,3,H,J,4
21129,4,M,J,2
21130,1,A,A,1
21134,1,M,J,2
21148,1,M,J,2
21163,2,M,J,2
21165,4,mixed,J,3
21185,3,O,O,0
21186,1,O,O,0
21261,2,H,J,4
22503,5,A,A,1
22515,1,A,A,1
22573,1,H,J,4
22574,2,H,J,4
22640,1,M,J,2
22641,1,M,J,2
22804,3,M,J,2
22863,2,mixed,J,3
22866,2,H,J,4
22870,2,H,J,4
22876,1,H,J,4
22879,1,H,J,4
22912,4,mixed,J,3
22914,2,mixed,J,3
22917,6,H,J,4
22918,4,mixed,J,3
22919,1,M,J,2
22926,3,H,J,4
22986,1,M,J,2
22998,1,H,J,4
23008,1,H,J,4
23012,1,H,J,4
23013,1,H,J,4
23066,3,H,J,4
23072,4,H,J,4
23075,1,M,J,2
23090,2,M,J,2
23106,2,M,J,2
23121,2,M,J,2
23137,5,H,J,4
23139,1,H,J,4
23151,1,M,J,2
23156,1,M,J,2
23163,3,M,J,2
23177,2,M,J,2
23198,3,A,A,1
23200,1,A,A,1
23245,2,M,J,2
23253,1,H,J,4
23255,1,M,J,2
23258,1,H,J,4
23280,2,M,J,2
27375,6,H,J,4
28046,3,M,J,2
28047,1,H,J,4
28048,6,M,J,2
28049,1,H,J,4
28050,9,H,J,4
28051,9,M,J,2
28052,5,M,J,2
28053,2,H,J,4
28055,4,H,J,4
28108,1,H,J,4
29165,3,H,J,4
29522,2,A,A,1
29523,6,A,A,1
29524,2,A,A,1
29527,2,A,A,1
29530,1,A,A,1
29533,1,A,A,1
29536,2,H,J,4
29539,14,H,J,4
29540,2,O,O,0
29552,1,M,J,2
29553,1,M,J,2
29555,2,M,J,2
29631,2,H,J,4
29638,2,M,J,2
29647,3,M,J,2
29669,1,A,A,1
29707,1,M,J,2
29709,1,M,J,2
29728,1,H,J,4
29775,2,mixed,J,3
29787,4,mixed,J,3
29802,3,M,J,2
29863,3,M,J,2
29882,1,M,J,2
29884,15,M,J,2
29934,8,H,J,4
29935,5,H,J,4
29936,11,H,J,4
29937,10,H,J,4
29939,7,H,J,4
29960,2,M,J,2
29970,3,H,J,4
30001,1,H,J,4
30002,1,H,J,4
30003,3,H,J,4
30004,5,H,J,4
30006,2,mixed,J,3
30007,6,H,J,4
30009,8,M,J,2
30012,2,M,J,2
30015,4,H,J,4
30016,2,mixed,J,3
30018,1,M,J,2
30023,3,A,A,1
30024,3,H,J,4
30025,2,mixed,J,3
30026,4,M,J,2
30030,1,M,J,2
30076,2,H,J,4
30077,1,H,J,4
30079,10,H,J,4
30080,3,H,J,4
30082,2,H,J,4
30084,5,H,J,4
30085,11,H,J,4
30091,2,H,J,4
30092,3,M,J,2
30094,3,H,J,4
30099,4,H,J,4
30100,3,H,J,4
30101,1,H,J,4
30102,6,H,J,4
30103,1,H,J,4
30105,2,H,J,4
30106,7,H,J,4
30107,2,H,J,4
30114,1,M,J,2
30115,1,H,J,4
30116,4,mixed,J,3
30119,2,H,J,4
30121,1,M,J,2
30128,1,M,J,2
30133,4,H,J,4
30138,5,H,J,4
30141,6,H,J,4
30143,5,M,J,2
30144,7,H,J,4
30145,2,mixed,J,3
30147,2,mixed,J,3
30149,1,M,J,2
30150,3,M,J,2
30151,2,H,J,4
30153,6,H,J,4
30154,4,M,J,2
30157,2,H,J,4
30160,5,H,J,4
30161,4,M,J,2
30163,1,M,J,2
30164,17,M,J,2
30165,5,M,J,2
30166,5,H,J,4
30168,2,H,J,4
30169,3,H,J,4
30171,6,H,J,4
30173,2,mixed,J,3
30178,2,M,J,2
30181,1,M,J,2
30183,6,H,J,4
30184,5,H,J,4
30185,6,H,J,4
30187,10,M,J,2
30190,2,M,J,2
30191,3,M,J,2
30192,7,H,J,4
30193,3,M,J,2
30194,1,H,J,4
30197,1,M,J,2
30198,5,H,J,4
30199,6,mixed,J,3
30203,4,M,J,2
30204,4,H,J,4
30205,3,M,J,2
30206,2,mixed,J,3
30209,4,mixed,J,3
30213,1,M,J,2
30230,1,H,J,4
30234,1,H,J,4
30235,2,H,J,4
30236,25,H,J,4
30240,1,H,J,4
30244,14,H,J,4
30245,7,H,J,4
30246,7,H,J,4
30255,9,H,J,4
30256,3,H,J,4
30260,1,H,J,4
30265,4,H,J,4
30271,6,H,J,4
30280,11,A,A,1
30283,1,A,A,1
30299,2,H,J,4
30303,1,M,J,2
30306,1,M,J,2
30307,1,M,J,2
30308,2,M,J,2
30311,1,M,J,2
30312,3,H,J,4
30316,1,M,J,2
30322,2,M,J,2
30324,1,M,J,2
30330,1,H,J,4
30332,4,H,J,4
30333,1,H,J,4
30338,2,mixed,J,3
30340,2,M,J,2
30341,9,H,J,4
30342,1,H,J,4
30348,1,H,J,4
30350,5,H,J,4
30357,3,M,J,2
30366,1,H,J,4
30367,2,mixed,J,3
30373,2,M,J,2
30391,1,M,J,2
30398,6,H,J,4
30399,3,H,J,4
30407,7,H,J,4
30408,1,M,J,2
30412,3,M,J,2
30413,7,M,J,2
30414,2,H,J,4
30415,3,H,J,4
30420,2,H,J,4
30422,2,mixed,J,3
30424,8,M,J,2
30430,1,M,J,2
30435,6,M,J,2
30436,2,H,J,4
30437,1,M,J,2
30438,3,H,J,4
30439,5,H,J,4
30447,3,M,J,2
30448,3,M,J,2
30449,1,M,J,2
30455,3,M,J,2
30456,5,M,J,2
30462,5,M,J,2
30465,2,M,J,2
30467,1,H,J,4
30473,1,H,J,4
30474,1,M,J,2
30476,1,M,J,2
30477,2,H,J,4
30482,1,A,A,1
30483,1,M,J,2
30491,6,A,A,1
30497,2,M,J,2
30501,3,M,J,2
30514,1,A,A,1
30524,7,A,A,1
30526,1,A,A,1
30527,1,A,A,1
30537,2,M,J,2
30540,2,M,J,2
30543,2,A,A,1
30549,2,A,A,1
30551,2,A,A,1
30552,1,A,A,1
30561,2,H,J,4
30562,3,H,J,4
30563,6,H,J,4
30564,9,H,J,4
30565,5,H,J,4
30590,1,H,J,4
30598,2,H,J,4
30610,5,A,A,1
30613,2,mixed,J,3
30615,1,A,A,1
30628,2,mixed,J,3
30629,5,M,J,2
30630,6,mixed,J,3
30642,2,H,J,4
30643,1,H,J,4
30644,11,H,J,4
30645,10,H,J,4
30647,7,H,J,4
30648,6,H,J,4
30649,8,H,J,4
30652,6,mixed,J,3
30653,1,H,J,4
30657,2,H,J,4
30659,6,M,J,2
30660,2,mixed,J,3
30661,1,H,J,4
30662,3,M,J,2
30663,6,mixed,J,3
30665,2,M,J,2
30688,2,mixed,J,3
30689,2,H,J,4
30690,5,H,J,4
30695,5,H,J,4
30710,1,H,J,4
30712,1,M,J,2
30714,8,H,J,4
30716,8,H,J,4
30717,7,H,J,4
30718,8,H,J,4
30719,9,H,J,4
30720,2,H,J,4
30723,4,mixed,J,3
30724,1,H,J,4
30725,1,M,J,2
30727,4,H,J,4
30728,1,H,J,4
30729,2,H,J,4
30730,4,H,J,4
30739,3,H,J,4
30757,1,M,J,2
30761,5,H,J,4
30775,2,M,J,2
30778,2,M,J,2
30787,1,A,A,1
30820,3,M,J,2
30837,2,H,J,4
30904,2,H,J,4
30905,2,H,J,4
30912,2,H,J,4
30964,3,M,J,2
31278,3,H,J,4
31286,4,H,J,4
31299,2,A,A,1
31304,1,H,J,4
31306,2,H,J,4
31313,2,A,A,1
31315,1,M,J,2
31317,1,H,J,4
31325,1,M,J,2
31331,1,A,A,1
31338,5,M,J,2
31339,1,M,J,2
31352,2,M,J,2
31396,1,M,J,2
33571,1,M,J,2
34001,1,O,O,0
34071,1,M,J,2
34109,2,M,J,2
34169,2,H,J,4
34202,1,M,J,2
34269,7,H,J,4
34270,4,H,J,4
34271,8,H,J,4
34272,1,H,J,4
34273,6,H,J,4
34274,11,H,J,4
34275,1,H,J,4
34276,2,H,J,4
34278,4,H,J,4
34285,1,H,J,4
34288,1,H,J,4
34297,1,H,J,4
34298,1,H,J,4
34300,4,M,J,2
34312,2,H,J,4
34318,6,H,J,4
34325,2,mixed,J,3
34326,2,M,J,2
34334,1,H,J,4
34355,2,H,J,4
34356,1,H,J,4
34357,1,H,J,4
34504,1,H,J,4
34512,2,M,J,2
34572,3,M,J,2
34868,1,H,J,4
37952,2,H,J,4
38005,1,H,J,4
38006,3,M,J,2
38007,1,M,J,2
38010,1,M,J,2
38020,3,M,J,2
38021,3,M,J,2
38023,2,M,J,2
38025,3,H,J,4
38027,2,H,J,4
38028,1,H,J,4
38029,1,H,J,4
38030,4,M,J,2
38035,4,M,J,2
38058,2,H,J,4
38064,1,M,J,2
38068,1,H,J,4
38069,2,H,J,4
38070,1,M,J,2
38071,10,M,J,2
38072,1,H,J,4
38073,9,H,J,4
38076,2,H,J,4
38078,4,M,J,2
38079,4,M,J,2
38080,2,mixed,J,3
38081,4,H,J,4
38082,3,M,J,2
38085,1,M,J,2
38088,1,M,J,2
38090,3,H,J,4
38091,1,M,J,2
38092,2,H,J,4
38094,5,M,J,2
38098,2,M,J,2
38100,1,M,J,2
38101,5,H,J,4
38102,4,H,J,4
38103,4,M,J,2
38104,5,M,J,2
38105,2,mixed,J,3
38106,3,M,J,2
38107,1,H,J,4
38108,5,M,J,2
38111,3,M,J,2
38112,3,M,J,2
38115,7,M,J,2
38116,4,M,J,2
38117,4,M,J,2
38118,2,M,J,2
38122,7,M,J,2
38124,6,M,J,2
38127,2,mixed,J,3
38128,6,M,J,2
38130,2,M,J,2
38131,5,M,J,2
38133,2,M,J,2
38137,2,M,J,2
38138,5,M,J,2
38139,5,M,J,2
38145,2,M,J,2
38146,6,M,J,2
38157,1,H,J,4
38158,8,H,J,4
38160,2,M,J,2
38161,1,H,J,4
38164,3,M,J,2
38168,3,H,J,4
38174,1,M,J,2
38175,4,H,J,4
38176,2,mixed,J,3
38177,1,H,J,4
38184,1,M,J,2
38185,1,M,J,2
38187,8,H,J,4
38189,5,M,J,2
38190,2,mixed,J,3
38197,2,M,J,2
38201,2,M,J,2
38209,2,H,J,4
38210,2,mixed,J,3
38211,8,H,J,4
38212,1,H,J,4
38217,1,M,J,2
38218,2,mixed,J,3
38223,1,M,J,2
38226,2,M,J,2
38230,1,H,J,4
38231,1,H,J,4
38233,1,H,J,4
38234,2,M,J,2
38235,2,H,J,4
38240,3,M,J,2
38242,2,M,J,2
38252,1,M,J,2
38262,2,H,J,4
38263,1,M,J,2
38264,1,M,J,2
38265,1,H,J,4
38266,2,M,J,2
38268,1,H,J,4
38304,2,mixed,J,3
38327,2,M,J,2
38352,2,M,J,2
38356,1,H,J,4
38365,2,M,J,2
38366,2,M,J,2
38367,4,M,J,2
38368,3,M,J,2
38370,4,M,J,2
38371,4,M,J,2
38374,3,H,J,4
38375,4,M,J,2
38378,2,M,J,2
38382,2,M,J,2
38389,3,M,J,2
38404,2,M,J,2
38442,1,H,J,4
38484,2,M,J,2
38486,1,M,J,2
38563,2,M,J,2
38568,1,M,J,2
38570,1,M,J,2
38571,3,M,J,2
38578,2,M,J,2
38579,1,M,J,2
38582,1,M,J,2
38598,1,M,J,2
38615,1,H,J,4
38616,1,M,J,2
38654,1,M,J,2
38687,6,H,J,4
38935,1,M,J,2
39007,3,M,J,2
39012,1,M,J,2
39022,1,O,O,0
39023,5,M,J,2
39026,2,M,J,2
39042,1,M,J,2
39043,1,M,J,2
39062,1,M,J,2
39111,2,M,J,2
39113,3,M,J,2
39123,1,M,J,2
39128,1,M,J,2
39130,2,M,J,2
39146,1,M,J,2
39157,4,M,J,2
39167,2,M,J,2
39169,2,M,J,2
39206,7,H,J,4
39211,2,H,J,4
39227,2,M,J,2
39233,5,H,J,4
39257,2,M,J,2
39288,2,M,J,2
39496,3,M,J,2
39506,4,H,J,4
39508,1,H,J,4
39510,2,M,J,2
39512,3,H,J,4
39513,2,mixed,J,3
39515,2,mixed,J,3
39518,3,M,J,2
39519,2,mixed,J,3
39520,1,H,J,4
39521,5,H,J,4
39522,1,M,J,2
39523,4,mixed,J,3
39524,1,H,J,4
39525,4,mixed,J,3
39526,3,M,J,2
39527,3,M,J,2
39536,1,H,J,4
39537,2,H,J,4
39538,6,mixed,J,3
39539,5,H,J,4
39546,1,H,J,4
39547,2,mixed,J,3
39549,3,H,J,4
39551,3,M,J,2
39552,4,H,J,4
39553,3,H,J,4
39554,4,H,J,4
39555,3,H,J,4
39556,2,mixed,J,3
39557,3,H,J,4
39561,3,M,J,2
39563,4,H,J,4
39566,3,H,J,4
39568,2,M,J,2
39570,4,H,J,4
39571,1,H,J,4
39573,4,H,J,4
39574,4,H,J,4
39578,1,H,J,4
39579,2,H,J,4
39581,1,H,J,4
39586,2,H,J,4
39592,2,H,J,4
39593,4,mixed,J,3
39596,3,H,J,4
39599,1,M,J,2
39607,2,M,J,2
39608,2,H,J,4
39612,6,H,J,4
39615,3,H,J,4
39616,1,H,J,4
39618,2,H,J,4
39622,2,H,J,4
39624,3,H,J,4
39629,2,H,J,4
39630,8,H,J,4
39631,1,H,J,4
39632,1,M,J,2
39635,2,mixed,J,3
39636,1,H,J,4
39646,1,M,J,2
39648,1,H,J,4
39649,5,H,J,4
39667,4,mixed,J,3
39691,1,M,J,2
39694,1,H,J,4
39695,1,H,J,4
39696,4,H,J,4
39698,3,H,J,4
39729,8,O,O,0
39774,2,O,O,0
39809,2,mixed,J,3
39817,2,H,J,4
39832,2,mixed,J,3
39838,1,M,J,2
39844,1,O,O,0
39845,1,O,O,0
39847,5,O,O,0
39852,1,H,J,4
39870,1,M,J,2
39876,4,H,J,4
39878,1,H,J,4
39901,1,H,J,4
39922,1,H,J,4
39931,1,M,J,2
39943,1,M,J,2
39961,1,M,J,2
40002,3,M,J,2
40003,3,M,J,2
40005,1,M,J,2
40009,1,M,J,2
40010,4,M,J,2
40011,1,H,J,4
40012,2,M,J,2
40025,4,M,J,2
40026,3,M,J,2
40029,2,H,J,4
40037,10,M,J,2
40038,1,M,J,2
40039,2,mixed,J,3
40045,1,M,J,2
40047,5,M,J,2
40048,2,M,J,2
40050,2,M,J,2
40079,1,M,J,2
40081,3,M,J,2
40084,2,M,J,2
40087,2,mixed,J,3
40089,3,M,J,2
40092,5,M,J,2
40093,2,M,J,2
40094,4,M,J,2
40095,1,M,J,2
40096,3,M,J,2
40120,4,M,J,2
40121,2,M,J,2
40122,1,M,J,2
40127,2,M,J,2
41038,3,H,J,4
41855,2,H,J,4
41871,3,H,J,4
42382,2,H,J,4
42564,1,M,J,2
42739,2,H,J,4
45161,2,H,J,4
45534,2,mixed,J,3
47167,1,H,J,4
48025,3,H,J,4
48405,1,H,J,4
48421,1,H,J,4
48470,10,H,J,4
50013,2,M,J,2
80000,3,A,A,1
80010,3,H,J,4
80017,2,A,A,1
80020,1,A,A,1
80021,2,A,A,1
80061,2,mixed,J,3
100005,3,H,J,4
100012,17,O,O,0
100013,1,O,O,0
100021,1,M,J,2
100058,2,O,O,0
100059,1,O,O,0
100061,1,O,O,0
100063,1,O,O,0
100076,21,O,O,0
100084,5,O,O,0
100165,3,O,O,0
100179,1,O,O,0
100185,4,O,O,0
100213,3,M,J,2
100214,1,M,J,2
100217,7,O,O,0
100223,1,M,J,2
100225,1,O,O,0
100227,4,M,J,2
100231,10,O,O,0
100239,3,H,J,4
100242,6,H,J,4
100246,5,M,J,2
100248,2,M,J,2
100251,1,M,J,2
100270,4,M,J,2
100274,3,M,J,2
100282,3,M,J,2
100299,1,M,J,2
100303,2,M,J,2
100307,1,M,J,2
100310,1,M,J,2
100313,1,M,J,2
100315,1,M,J,2
100319,2,M,J,2
100322,1,M,J,2
100323,3,H,J,4
100327,1,M,J,2
100331,1,M,J,2
100339,2,H,J,4
100340,1,M,J,2
100343,3,H,J,4
100345,2,M,J,2
100353,1,H,J,4
100361,1,H,J,4
100362,1,M,J,2
100365,3,M,J,2
100366,1,M,J,2
100388,2,mixed,J,3
100397,4,O,O,0
100398,2,O,O,0
100408,6,O,O,0
100412,1,M,J,2
100415,3,M,J,2
100416,1,M,J,2
100417,2,M,J,2
100420,5,O,O,0
100423,2,O,O,0
100424,2,M,J,2
100425,2,O,O,0
100426,16,O,O,0
100428,1,O,O,0
100429,2,O,O,0
100440,1,O,O,0
100441,2,O,O,0
100445,5,O,O,0
100446,5,O,O,0
100452,1,O,O,0
100462,1,O,O,0
100465,5,M,J,2
100476,1,M,J,2
100477,4,M,J,2
100485,1,M,J,2
100491,6,O,O,0
100494,2,O,O,0
100495,1,O,O,0
100498,2,O,O,0
100499,1,A,A,1
100516,1,O,O,0
100519,10,O,O,0
100528,3,O,O,0
100529,10,O,O,0
100534,2,O,O,0
100545,3,M,J,2
100550,1,M,J,2
100556,1,O,O,0
100559,3,M,J,2
100563,1,M,J,2
100564,3,O,O,0
100566,1,O,O,0
100568,3,O,O,0
100570,1,O,O,0
100571,1,O,O,0
100574,5,O,O,0
100584,2,O,O,0
100592,1,O,O,0
100593,8,O,O,0
100603,1,O,O,0
100605,13,O,O,0
100606,1,O,O,0
100608,6,O,O,0
100610,8,O,O,0
100624,1,O,O,0
100628,4,M,J,2
100639,1,M,J,2
100645,1,M,J,2
100647,10,O,O,0
100648,5,O,O,0
100651,3,M,J,2
100660,1,H,J,4
100663,1,O,O,0
100666,4,O,O,0
100687,1,M,J,2
100693,3,M,J,2
100698,1,O,O,0
100722,1,O,O,0
100723,2,O,O,0
100726,1,O,O,0
100727,5,O,O,0
100760,1,H,J,4
100770,2,H,J,4
100779,4,O,O,0
100780,2,O,O,0
100782,6,O,O,0
100787,1,O,O,0
100794,2,O,O,0
100795,3,M,J,2
100802,2,H,J,4
100806,2,H,J,4
100807,8,O,O,0
100812,1,H,J,4
100813,1,H,J,4
100818,2,M,J,2
100843,1,O,O,0
100860,9,H,J,4
100864,2,mixed,J,3
100868,2,H,J,4
100872,4,mixed,J,3
100894,12,O,O,0
100895,1,O,O,0
100902,3,M,J,2
100909,2,mixed,J,3
100910,1,M,J,2
100911,4,O,O,0
100938,2,mixed,J,3
100982,4,M,J,2
101145,1,M,J,2
101477,5,M,J,2
101733,3,H,J,4
101923,3,M,J,2
102178,3,M,J,2
102228,4,M,J,2
102244,3,M,J,2
102640,3,M,J,2
102657,3,M,J,2
102699,2,M,J,2
102723,2,mixed,J,3
102764,7,O,O,0
102830,3,M,J,2
102962,4,M,J,2
103044,3,M,J,2
103291,2,M,J,2
103366,4,mixed,J,3
103382,1,M,J,2
103416,1,H,J,4
103424,2,H,J,4
103473,1,H,J,4
103614,6,O,O,0
103689,2,M,J,2
104026,3,M,J,2
104281,6,M,J,2
104596,2,M,J,2
104646,2,mixed,J,3
104927,3,H,J,4
105296,3,H,J,4
105338,2,mixed,J,3
105569,3,M,J,2
105742,3,A,A,1
105767,2,A,A,1
105791,2,A,A,1
105965,3,O,O,0
105999,4,O,O,0
106013,4,O,O,0
106237,2,A,A,1
106286,10,O,O,0
106385,4,O,O,0
106690,2,mixed,J,3
106856,1,M,J,2
107193,5,H,J,4
107342,4,M,J,2
107540,3,H,J,4
107813,3,M,J,2
107839,3,H,J,4
108068,5,M,J,2
108134,2,M,J,2
109165,4,mixed,J,3
109470,2,M,J,2
109728,11,H,J,4
109850,1,M,J,2
110247,3,H,J,4
110460,3,M,J,2
111039,2,H,J,4
111773,4,A,A,1
112532,1,H,J,4
112854,4,H,J,4
113654,3,M,J,2
114421,2,H,J,4
114611,20,O,O,0
114827,3,H,J,4
115030,3,M,J,2
115238,2,M,J,2
115311,3,M,J,2
115436,2,M,J,2
116137,5,H,J,4
116228,2,H,J,4
116301,1,M,J,2
116541,5,H,J,4
116822,4,M,J,2
117481,7,H,J,4
119388,2,A,A,1
119594,4,M,J,2
119602,4,H,J,4
119941,10,H,J,4
119990,7,H,J,4
120345,1,H,J,4
120352,1,H,J,4
120394,2,H,J,4
120808,7,H,J,4
120816,7,H,J,4
120899,2,H,J,4
121038,11,H,J,4
121558,4,H,J,4
121889,4,O,O,0
121947,1,H,J,4
122564,8,H,J,4
122952,3,H,J,4
123315,5,H,J,4
124289,1,H,J,4
124610,3,M,J,2
124636,4,M,J,2
124826,5,A,A,1
124917,3,H,J,4
124941,2,H,J,4
124974,11,A,A,1
125427,6,A,A,1
125690,1,M,J,2
125716,6,H,J,4
126409,31,O,O,0
126599,4,M,J,2
127019,6,M,J,2
127084,3,M,J,2
127258,2,M,J,2
127597,1,H,J,4
128173,3,H,J,4
128603,9,H,J,4
129197,3,H,J,4
129270,3,M,J,2
130260,4,H,J,4
130526,11,O,O,0
130781,4,H,J,4
131607,12,M,J,2
131821,1,H,J,4
131953,1,H,J,4
132233,2,H,J,4
133751,5,H,J,4
133850,5,H,J,4
134163,70,A,A,1
134403,3,M,J,2
134908,3,H,J,4
135004,3,H,J,4
135665,2,H,J,4
135756,2,M,J,2
135913,2,M,J,2
136044,1,M,J,2
136077,1,H,J,4
136317,3,M,J,2
136390,5,H,J,4
136424,3,M,J,2
137182,2,mixed,J,3
137638,1,O,O,0
137653,2,M,J,2
138008,4,mixed,J,3
138461,1,M,J,2
139006,4,H,J,4
139303,5,A,A,1
139626,1,H,J,4
142752,3,M,J,2
142976,3,H,J,4
143362,3,M,J,2
143594,3,H,J,4
144931,3,M,J,2
145300,1,M,J,2
145706,5,H,J,4
146449,2,O,O,0
147074,2,M,J,2
147934,1,M,J,2
148619,4,M,J,2
148817,14,O,O,0
149435,2,M,J,2
149807,2,A,A,1
149856,1,A,A,1
150151,6,M,J,2
150847,2,M,J,2
151894,5,H,J,4
152629,2,M,J,2
153353,2,A,A,1
153809,4,H,J,4
153908,3,H,J,4
154146,2,H,J,4
154260,3,H,J,4
154286,5,H,J,4
154435,10,O,O,0
155150,5,M,J,2
155333,6,H,J,4
155556,1,M,J,2
156166,3,O,O,0
156307,5,M,J,2
156364,4,M,J,2
156562,4,O,O,0
157230,2,A,A,1
157420,5,O,O,0
157917,6,A,A,1
158287,3,H,J,4
158477,4,H,J,4
158840,5,H,J,4
158964,5,M,J,2
159020,2,M,J,2
159848,4,H,J,4
160804,2,M,J,2
160960,4,M,J,2
160986,3,M,J,2
161034,2,H,J,4
161596,4,M,J,2
162156,3,A,A,1
163212,3,M,J,2
163220,1,H,J,4
163543,4,H,J,4
163865,3,M,J,2
164046,6,H,J,4
164533,2,O,O,0
166553,3,H,J,4
166728,4,A,A,1
167783,1,H,J,4
168328,3,M,J,2
168500,4,H,J,4
168518,1,H,J,4
168583,2,M,J,2
168807,10,H,J,4
169292,2,H,J,4
169730,2,H,J,4
169870,3,O,O,0
169904,10,H,J,4
169995,3,H,J,4
170472,3,M,J,2
170944,1,M,J,2
171066,7,H,J,4
171249,3,H,J,4
171629,3,H,J,4
171819,2,H,J,4
171884,2,H,J,4
172536,2,M,J,2
172544,2,M,J,2
173740,1,M,J,2
173781,2,H,J,4
174136,24,O,O,0
174532,13,O,O,0
174920,3,H,J,4
175083,3,H,J,4
175208,3,A,A,1
175257,1,A,A,1
177113,1,H,J,4
177519,2,H,J,4
177857,4,H,J,4
178558,1,H,J,4
179432,1,H,J,4
180083,4,H,J,4
180109,3,H,J,4
180364,1,H,J,4
180570,6,H,J,4
181842,3,H,J,4
181891,2,A,A,1
182287,4,H,J,4
182469,19,A,A,1
182527,3,H,J,4
182808,1,H,J,4
182816,3,A,A,1
182824,1,A,A,1
182972,4,M,J,2
183178,3,M,J,2
183525,59,A,A,1
183905,1,H,J,4
185272,9,A,A,1
185488,1,H,J,4
186700,4,O,O,0
187583,2,H,J,4
187716,5,H,J,4
187864,7,O,O,0
188177,5,H,J,4
188508,13,O,O,0
189118,3,O,O,0
189308,4,H,J,4
189514,4,M,J,2
189571,1,A,A,1
191833,4,M,J,2
192336,3,M,J,2
192815,6,M,J,2
193110,2,H,J,4
193383,15,A,A,1
193524,1,H,J,4
194217,2,mixed,J,3
194670,1,M,J,2
194720,5,M,J,2
195792,3,H,J,4
195891,1,H,J,4
195990,3,M,J,2
196006,3,M,J,2
196048,3,M,J,2
196139,2,H,J,4
196444,4,M,J,2
196469,1,H,J,4
197194,2,M,J,2
197517,1,H,J,4
197590,16,A,A,1
197772,9,H,J,4
198275,6,H,J,4
198416,4,H,J,4
198523,6,H,J,4
198754,2,H,J,4
199000,38,A,A,1
199323,2,M,J,2
199778,8,A,A,1
200000,20,H,J,4
200001,2,M,J,2
200451,5,M,J,2
200915,7,M,J,2
201000,27,M,J,2
201023,3,M,J,2
201036,1,M,J,2
201037,1,M,J,2
201040,1,M,J,2
201041,2,M,J,2
201047,2,M,J,2
201048,2,M,J,2
201052,4,H,J,4
201061,3,H,J,4
201269,3,M,J,2
201434,3,M,J,2
201491,6,M,J,2
201509,4,M,J,2
201749,3,M,J,2
201814,11,M,J,2
202000,6,M,J,2
202077,1,M,J,2
202226,3,M,J,2
202242,2,H,J,4
202267,3,M,J,2
202333,3,M,J,2
202457,4,H,J,4
202580,1,H,J,4
202655,1,H,J,4
202895,3,H,J,4
203620,3,M,J,2
203661,2,M,J,2
203877,4,H,J,4
204164,5,M,J,2
204370,2,M,J,2
204768,2,M,J,2
204826,4,H,J,4
204974,3,M,J,2
205641,3,A,A,1
205799,3,M,J,2
205930,1,A,A,1
206250,3,M,J,2
206268,1,M,J,2
206359,2,M,J,2
206466,4,M,J,2
206599,1,M,J,2
206953,4,mixed,J,3
207043,2,M,J,2
207092,2,H,J,4
207126,2,H,J,4
207290,3,M,J,2
207480,4,M,J,2
208587,2,H,J,4
208645,3,M,J,2
208918,4,M,J,2
209791,5,M,J,2
210393,1,M,J,2
210617,2,M,J,2
212449,56,A,A,1
212639,1,H,J,4
213496,1,H,J,4
215418,1,A,A,1
215533,1,A,A,1
215848,4,A,A,1
215913,1,H,J,4
216127,3,H,J,4
217240,5,H,J,4
221127,7,M,J,2
221317,3,M,J,2
221481,6,H,J,4
221606,2,M,J,2
221622,2,H,J,4
221853,4,M,J,2
221861,1,M,J,2
222190,7,O,O,0
222844,7,O,O,0
223727,1,H,J,4
223750,3,H,J,4
223768,3,H,J,4
223784,1,M,J,2
223867,76,A,A,1
223875,2,A,A,1
223891,9,O,O,0
223909,4,M,J,2
224030,6,O,O,0
224188,2,M,J,2
224238,2,H,J,4
224451,1,M,J,2
224568,2,O,O,0
225458,3,O,O,0
225573,2,mixed,J,3
225631,2,H,J,4
225656,1,H,J,4
226712,4,H,J,4
226761,2,H,J,4
227504,2,M,J,2
228957,4,M,J,2
229484,3,M,J,2
230219,2,M,J,2
230565,2,A,A,1
231621,1,H,J,4
232330,5,O,O,0
232363,8,O,O,0
232678,5,H,J,4
233346,4,mixed,J,3
234419,2,A,A,1
234773,3,A,A,1
234955,5,H,J,4
234989,2,mixed,J,3
235424,6,H,J,4
235432,3,M,J,2
235960,8,M,J,2
236034,4,H,J,4
237776,4,O,O,0
238287,3,O,O,0
238667,2,H,J,4
239004,1,H,J,4
239137,1,H,J,4
239152,7,H,J,4
239343,3,H,J,4
239517,2,H,J,4
239913,4,M,J,2
240416,3,M,J,2
241331,1,A,A,1
241463,2,mixed,J,3
241851,3,H,J,4
243097,4,H,J,4
243436,2,M,J,2
243881,4,M,J,2
244723,2,mixed,J,3
245357,3,O,O,0
246132,5,M,J,2
246215,3,H,J,4
246264,3,H,J,4
246306,53,A,A,1
246512,4,M,J,2
246603,4,H,J,4
246827,5,H,J,4
247692,6,M,J,2
247965,2,H,J,4
248310,4,M,J,2
249128,2,A,A,1
267039,1,H,J,4
267369,4,H,J,4
267591,3,A,A,1
267641,4,H,J,4
267690,3,H,J,4
267781,4,mixed,J,3
281642,2,H,J,4
282400,3,H,J,4
282459,1,M,J,2
288001,8,O,O,0
297184,6,O,O,0
297788,2,M,J,2
297846,8,H,J,4
297879,8,H,J,4
298703,20,A,A,1
299263,3,M,J,2
299404,3,M,J,2
299560,3,M,J,2
299578,2,H,J,4
300004,3,O,O,0
300459,1,M,J,2
300467,1,M,J,2
300673,2,M,J,2
300814,3,M,J,2
300913,2,H,J,4
300996,1,M,J,2
301598,3,A,A,1
301671,4,A,A,1
302083,3,M,J,2
302273,3,M,J,2
302513,1,M,J,2
302661,3,M,J,2
303032,7,M,J,2
303479,4,M,J,2
303602,3,M,J,2
303727,2,M,J,2
303990,2,M,J,2
304238,2,H,J,4
304337,2,M,J,2
304485,3,M,J,2
304683,3,M,J,2
305300,1,M,J,2
305680,3,M,J,2
305748,3,M,J,2
305961,3,M,J,2
306084,6,M,J,2
306126,3,M,J,2
306357,3,H,J,4
306852,1,M,J,2
307025,2,mixed,J,3
307033,1,H,J,4
307058,3,M,J,2
307108,1,M,J,2
307314,1,M,J,2
307322,1,H,J,4
307975,5,H,J,4
308064,2,M,J,2
308627,4,H,J,4
309013,7,M,J,2
309658,1,M,J,2
309690,2,mixed,J,3
309914,3,M,J,2
309971,14,A,A,1
311274,8,H,J,4
314765,4,H,J,4
314872,8,M,J,2
316174,3,M,J,2
316257,4,H,J,4
316273,2,M,J,2
316471,1,H,J,4
317917,6,M,J,2
317933,8,H,J,4
318766,6,H,J,4
318774,6,H,J,4
318899,3,H,J,4
318964,2,mixed,J,3
318972,2,mixed,J,3
319624,3,M,J,2
319954,7,H,J,4
320143,1,H,J,4
320176,6,H,J,4
320416,3,H,J,4
320838,1,H,J,4
323303,2,H,J,4
326272,1,M,J,2
327338,3,M,J,2
327353,3,H,J,4
327841,21,A,A,1
328716,2,H,J,4
330746,10,H,J,4
330811,4,H,J,4
330829,12,H,J,4
331462,3,H,J,4
331470,4,M,J,2
331488,3,M,J,2
331520,1,M,J,2
331546,3,M,J,2
332312,2,H,J,4
332387,2,mixed,J,3
333401,4,H,J,4
333468,5,M,J,2
333484,6,M,J,2
333914,10,M,J,2
334037,3,M,J,2
334458,1,M,J,2
334599,4,H,J,4
334607,6,M,J,2
334649,1,M,J,2
334953,1,H,J,4
335158,1,M,J,2
335281,1,M,J,2
335307,2,M,J,2
335356,1,M,J,2
335513,1,H,J,4
335901,3,H,J,4
336065,4,M,J,2
336099,4,M,J,2
336313,4,M,J,2
336388,3,M,J,2
338863,2,H,J,4
339804,2,H,J,4
342188,5,H,J,4
342782,4,H,J,4
344895,1,H,J,4
345959,2,H,J,4
348599,25,A,A,1
348904,5,H,J,4
348987,1,M,J,2
349548,7,H,J,4
349936,2,H,J,4
350058,5,A,A,1
350413,2,M,J,2
351049,5,H,J,4
351452,3,M,J,2
351759,7,H,J,4
351767,3,H,J,4
352070,7,M,J,2
353334,1,H,J,4
353771,1,H,J,4
354050,1,H,J,4
355123,3,H,J,4
355172,1,H,J,4
355784,3,M,J,2
355990,3,M,J,2
356238,4,M,J,2
356600,2,M,J,2
356642,2,H,J,4
356816,3,M,J,2
356865,2,M,J,2
357046,2,O,O,0
357210,3,H,J,4
357640,1,H,J,4
357681,1,H,J,4
357996,3,H,J,4
358176,3,H,J,4
358218,8,H,J,4
358283,6,H,J,4
358416,10,H,J,4
359406,1,H,J,4
361105,4,H,J,4
361972,3,H,J,4
363960,2,H,J,4
364026,6,H,J,4
364034,3,H,J,4
364158,15,H,J,4
364281,9,H,J,4
365205,3,H,J,4
365478,19,H,J,4
365601,18,H,J,4
366252,4,A,A,1
366427,10,O,O,0
367755,1,M,J,2
367862,8,O,O,0
367904,6,H,J,4
368639,2,H,J,4
369769,1,H,J,4
370296,5,M,J,2
370338,3,M,J,2
370429,2,H,J,4
370460,6,M,J,2
370692,2,H,J,4
371070,2,H,J,4
371468,7,M,J,2
371567,4,M,J,2
371856,2,M,J,2
372292,2,mixed,J,3
372623,2,A,A,1
373324,1,H,J,4
373373,4,H,J,4
373472,13,H,J,4
373530,4,H,J,4
373720,1,H,J,4
374090,4,H,J,4
374959,5,H,J,4
375253,4,H,J,4
375501,7,H,J,4
377325,10,H,J,4
377341,5,M,J,2
377721,5,H,J,4
377739,2,H,J,4
377770,6,H,J,4
377861,1,H,J,4
377895,4,H,J,4
378158,3,H,J,4
378299,5,H,J,4
378307,4,H,J,4
378992,6,H,J,4
379313,2,M,J,2
379461,3,H,J,4
380451,1,H,J,4
381582,2,H,J,4
382002,13,A,A,1
382176,3,H,J,4
382184,1,H,J,4
382523,3,H,J,4
382945,11,H,J,4
382978,3,M,J,2
383646,13,H,J,4
383661,3,A,A,1
400040,2,M,J,2
400048,1,O,O,0
400052,2,O,O,0
400102,10,O,O,0
400172,2,O,O,0
400238,3,O,O,0
400239,7,O,O,0
400256,2,O,O,0
400322,8,O,O,0
400365,3,H,J,4
400395,8,O,O,0
400495,1,H,J,4
400505,1,M,J,2
400796,2,A,A,1
400811,3,O,O,0
401000,25,A,A,1
401075,9,A,A,1
402909,2,M,J,2
403204,1,M,J,2
403568,3,M,J,2
403600,4,A,A,1
403618,4,A,A,1
403667,4,A,A,1
403733,3,M,J,2
403758,2,M,J,2
404244,2,M,J,2
404475,2,M,J,2
404541,3,M,J,2
404624,2,M,J,2
404764,2,A,A,1
404889,2,H,J,4
405118,4,H,J,4
405258,3,H,J,4
405266,10,M,J,2
405365,1,M,J,2
405712,15,M,J,2
405852,2,M,J,2
405910,3,H,J,4
405936,1,H,J,4
406579,2,mixed,J,3
406751,3,M,J,2
406785,5,H,J,4
406967,4,H,J,4
407122,8,H,J,4
407262,5,M,J,2
407288,1,H,J,4
408153,5,M,J,2
408237,4,H,J,4
408658,2,H,J,4
409284,3,M,J,2
417337,1,A,A,1
417469,4,H,J,4
417535,1,H,J,4
417816,11,M,J,2
418012,3,M,J,2
418509,6,H,J,4
418574,4,M,J,2
418681,4,H,J,4
418798,11,H,J,4
418871,5,H,J,4
419002,4,M,J,2
419077,3,M,J,2
419150,1,M,J,2
419341,3,H,J,4
419879,5,M,J,2
419937,3,H,J,4
419986,3,H,J,4
420893,3,H,J,4
421164,2,M,J,2
421354,6,H,J,4
421644,1,M,J,2
421743,1,H,J,4
421826,5,H,J,4
421941,2,H,J,4
422105,1,H,J,4
422204,5,H,J,4
422485,5,H,J,4
422535,2,H,J,4
422659,3,M,J,2
422956,5,H,J,4
423111,1,M,J,2
423335,1,H,J,4
423418,3,H,J,4
423434,3,H,J,4
423632,2,H,J,4
423814,12,H,J,4
423913,5,H,J,4
424119,2,H,J,4
424325,2,H,J,4
424564,3,H,J,4
424739,1,H,J,4
425413,2,M,J,2
425488,2,M,J,2
425702,1,M,J,2
425736,2,M,J,2
426452,3,H,J,4
426460,2,mixed,J,3
426676,1,M,J,2
426775,3,M,J,2
426890,2,H,J,4
426932,3,H,J,4
426957,1,H,J,4
427500,3,M,J,2
427633,1,H,J,4
427799,1,M,J,2
428185,3,M,J,2
428516,2,H,J,4
428524,5,H,J,4
428672,6,M,J,2
429001,6,H,J,4
429076,8,A,A,1
429100,3,H,J,4
429175,2,H,J,4
430595,4,H,J,4
430603,1,M,J,2
431163,25,A,A,1
431577,2,A,A,1
432088,2,M,J,2
432278,4,H,J,4
432807,1,A,A,1
432989,1,H,J,4
433185,2,A,A,1
433433,70,A,A,1
433532,1,H,J,4
433540,5,H,J,4
433599,12,H,J,4
433771,1,M,J,2
433847,6,H,J,4
433912,2,mixed,J,3
434472,4,M,J,2
434688,11,H,J,4
435008,7,H,J,4
435891,3,H,J,4
436311,2,M,J,2
436998,1,H,J,4
437087,4,M,J,2
437525,12,H,J,4
437806,3,M,J,2
437863,1,M,J,2
437871,4,M,J,2
437962,2,M,J,2
438184,3,M,J,2
438275,1,H,J,4
438408,1,M,J,2
438853,3,M,J,2
438895,1,M,J,2
439059,3,M,J,2
439067,5,M,J,2
439083,4,M,J,2
439471,12,H,J,4
439497,3,H,J,4
439521,2,H,J,4
439596,3,M,J,2
439786,2,H,J,4
443036,2,M,J,2
443333,2,mixed,J,3
443341,2,H,J,4
443416,5,M,J,2
443622,4,M,J,2
443630,2,M,J,2
443655,1,M,J,2
443903,1,M,J,2
443929,3,M,J,2
445288,2,M,J,2
445353,1,M,J,2
445437,2,M,J,2
445445,2,M,J,2
445783,3,M,J,2
445916,1,M,J,2
446278,18,H,J,4
446567,3,M,J,2
447128,3,H,J,4
447581,5,H,J,4
447797,4,M,J,2
447979,3,M,J,2
448480,4,mixed,J,3
448696,2,M,J,2
448720,1,M,J,2
448746,1,M,J,2
448910,2,mixed,J,3
449702,3,M,J,2
449959,7,H,J,4
450171,6,H,J,4
450304,5,H,J,4
450445,3,M,J,2
450502,2,H,J,4
450569,1,M,J,2
450585,2,M,J,2
450650,2,H,J,4
450858,4,H,J,4
450866,3,M,J,2
451088,13,H,J,4
451559,3,H,J,4
451765,2,M,J,2
451831,3,M,J,2
451849,2,mixed,J,3
451971,5,M,J,2
452144,2,mixed,J,3
452219,3,H,J,4
452284,3,M,J,2
452383,1,M,J,2
452425,1,M,J,2
452433,4,M,J,2
452441,3,M,J,2
452987,3,H,J,4
453399,9,H,J,4
453951,2,H,J,4
454017,1,H,J,4
454132,1,M,J,2
454165,5,H,J,4
454298,1,H,J,4
454306,1,H,J,4
454579,1,H,J,4
454819,5,H,J,4
454900,18,H,J,4
455329,3,H,J,4
455444,1,H,J,4
455543,1,M,J,2
455626,2,H,J,4
455717,1,H,J,4
455725,2,H,J,4
456020,8,H,J,4
456830,3,H,J,4
456897,2,H,J,4
457184,3,M,J,2
457861,7,M,J,2
458141,5,M,J,2
458331,4,M,J,2
458604,3,H,J,4
459040,4,M,J,2
459644,1,M,J,2
459768,2,mixed,J,3
459958,4,M,J,2
460774,2,mixed,J,3
461228,5,A,A,1
461236,1,M,J,2
461251,4,H,J,4
461269,5,H,J,4
461285,3,M,J,2
461988,3,H,J,4
462432,3,M,J,2
462564,3,M,J,2
462671,1,H,J,4
462945,6,H,J,4
462986,2,M,J,2
463000,2,H,J,4
463356,1,M,J,2
463596,2,H,J,4
463661,2,M,J,2
463695,6,M,J,2
463703,2,mixed,J,3
463851,4,M,J,2
463935,4,M,J,2
463976,6,M,J,2
464040,2,mixed,J,3
464297,6,M,J,2
464636,2,M,J,2
464644,1,M,J,2
464842,3,H,J,4
464982,2,M,J,2
465120,3,M,J,2
465179,3,M,J,2
465369,3,H,J,4
465385,4,H,J,4
465419,3,O,O,0
465591,1,M,J,2
465963,2,mixed,J,3
466144,2,mixed,J,3
466227,1,H,J,4
466250,1,H,J,4
466458,2,H,J,4
466631,4,H,J,4
466821,1,M,J,2
467308,2,H,J,4
467472,3,H,J,4
467522,3,H,J,4
467878,5,A,A,1
468322,2,H,J,4
469007,2,A,A,1
469197,1,H,J,4
469809,1,H,J,4
470286,4,M,J,2
471169,9,H,J,4
471359,3,H,J,4
471482,4,H,J,4
471987,1,A,A,1
472225,7,H,J,4
472456,2,A,A,1
472886,1,H,J,4
472910,4,O,O,0
472969,2,H,J,4
473090,1,M,J,2
473124,7,H,J,4
473264,3,H,J,4
473439,15,H,J,4
473470,1,H,J,4
473488,3,H,J,4
473728,3,H,J,4
474098,2,H,J,4
474106,11,H,J,4
474197,6,H,J,4
474692,19,A,A,1
475038,2,H,J,4
475129,1,H,J,4
475558,5,H,J,4
475798,2,H,J,4
476127,1,H,J,4
476440,1,H,J,4
476523,1,M,J,2
476846,4,H,J,4
476945,5,M,J,2
477190,4,M,J,2
477299,81,A,A,1
477521,2,H,J,4
477646,1,H,J,4
477653,6,H,J,4
477760,37,A,A,1
477976,3,H,J,4
477992,5,H,J,4
478164,1,H,J,4
479105,3,M,J,2
479477,1,M,J,2
479576,2,H,J,4
479691,3,M,J,2
500074,3,M,J,2
500546,2,M,J,2
501288,3,M,J,2
502047,3,O,O,0
502229,3,M,J,2
502617,3,H,J,4
502856,3,H,J,4
502948,8,O,O,0
503078,3,M,J,2
503482,2,M,J,2
503748,1,H,J,4
503979,2,M,J,2
504308,3,M,J,2
504381,4,H,J,4
504514,1,M,J,2
504522,1,M,J,2
504597,1,M,J,2
504969,2,M,J,2
505230,3,H,J,4
505248,2,H,J,4
505503,1,H,J,4
505875,1,A,A,1
505982,3,A,A,1
506014,1,A,A,1
506360,2,mixed,J,3
506832,2,M,J,2
507145,1,M,J,2
507152,1,M,J,2
507426,2,H,J,4
507459,2,H,J,4
507764,4,M,J,2
508671,7,A,A,1
508739,1,M,J,2
509018,5,M,J,2
509281,2,M,J,2
509380,3,M,J,2
509539,3,H,J,4
509836,1,M,J,2
512657,5,M,J,2
515700,3,H,J,4
516195,5,M,J,2
516484,1,H,J,4
516575,1,H,J,4
516732,4,H,J,4
517011,2,M,J,2
517102,2,M,J,2
517490,4,mixed,J,3
517680,3,M,J,2
517755,2,M,J,2
517797,1,M,J,2
518340,7,M,J,2
518472,5,O,O,0
518480,2,O,O,0
518613,1,M,J,2
519033,4,mixed,J,3
519058,2,H,J,4
519165,3,H,J,4
519181,1,M,J,2
519504,2,H,J,4
519835,25,H,J,4
520478,4,H,J,4
520718,5,H,J,4
520809,4,H,J,4
521005,1,H,J,4
521021,6,A,A,1
521104,10,H,J,4
521161,5,H,J,4
521195,5,H,J,4
521369,5,H,J,4
521682,1,H,J,4
522227,1,H,J,4
522508,3,H,J,4
522763,4,M,J,2
522797,3,M,J,2
522821,3,M,J,2
522854,1,M,J,2
522987,6,M,J,2
523167,5,M,J,2
523266,1,M,J,2
523316,7,M,J,2
523605,4,M,J,2
524124,4,H,J,4
524215,1,M,J,2
524298,1,M,J,2
524561,1,H,J,4
524686,7,O,O,0
524934,2,H,J,4
525048,3,M,J,2
525493,3,H,J,4
525527,3,M,J,2
525576,3,M,J,2
525600,1,A,A,1
526137,4,M,J,2
526160,2,H,J,4
526392,3,H,J,4
526467,8,M,J,2
526590,2,M,J,2
526848,3,H,J,4
526996,5,H,J,4
527036,3,H,J,4
527655,16,A,A,1
530618,3,H,J,4
531251,1,M,J,2
531376,2,M,J,2
531533,1,M,J,2
531616,1,M,J,2
531632,1,M,J,2
532085,1,A,A,1
532176,3,A,A,1
532267,3,H,J,4
532671,5,M,J,2
532853,3,M,J,2
533604,1,M,J,2
533745,1,H,J,4
533851,1,M,J,2
534180,1,M,J,2
534198,1,H,J,4
534370,4,mixed,J,3
534487,5,H,J,4
534560,5,H,J,4
534578,1,M,J,2
535088,2,H,J,4
535260,4,M,J,2
535427,4,M,J,2
535559,4,H,J,4
535641,1,H,J,4
535708,1,A,A,1
535732,3,M,J,2
536003,5,M,J,2
536086,2,A,A,1
536151,1,H,J,4
536201,1,M,J,2
536334,1,M,J,2
536953,3,M,J,2
537118,2,mixed,J,3
542134,1,H,J,4
542274,2,H,J,4
542316,2,H,J,4
542340,2,H,J,4
542407,2,H,J,4
542431,6,H,J,4
542837,1,H,J,4
543009,3,H,J,4
543165,4,H,J,4
543272,5,H,J,4
543447,3,H,J,4
543595,3,H,J,4
543611,3,H,J,4
543694,2,H,J,4
543819,4,H,J,4
543918,5,H,J,4
543991,3,H,J,4
544007,1,M,J,2
544791,1,H,J,4
545053,5,H,J,4
545061,1,H,J,4
545244,3,H,J,4
545269,1,H,J,4
545384,6,H,J,4
545558,2,H,J,4
545640,1,M,J,2
545871,1,H,J,4
546101,2,H,J,4
546143,2,M,J,2
546424,1,H,J,4
546440,2,H,J,4
546481,5,H,J,4
546549,3,H,J,4
546721,3,H,J,4
546739,1,H,J,4
546788,1,H,J,4
546879,4,H,J,4
547091,2,H,J,4
547547,3,H,J,4
547554,1,M,J,2
547638,6,H,J,4
547760,3,H,J,4
548172,2,M,J,2
548529,6,H,J,4
548578,21,A,A,1
548594,1,H,J,4
548677,2,H,J,4
548701,1,H,J,4
548743,4,H,J,4
548784,1,H,J,4
548800,1,H,J,4
548834,4,H,J,4
548941,3,H,J,4
548974,4,H,J,4
548982,5,H,J,4
549097,2,H,J,4
549220,12,H,J,4
549386,2,H,J,4
549766,3,H,J,4
550202,9,A,A,1
550210,10,H,J,4
550376,1,H,J,4
550400,8,H,J,4
550475,3,H,J,4
550533,1,H,J,4
550657,7,H,J,4
550699,6,A,A,1
551309,2,H,J,4
551390,1,H,J,4
551762,1,H,J,4
551770,3,H,J,4
551945,5,H,J,4
552034,3,H,J,4
552208,3,H,J,4
552364,9,O,O,0
552760,8,H,J,4
553024,42,A,A,1
553461,2,H,J,4
553610,4,H,J,4
554097,1,H,J,4
554204,1,H,J,4
554287,7,H,J,4
554311,2,H,J,4
554352,4,H,J,4
554386,2,H,J,4
554469,4,H,J,4
554519,1,H,J,4
554717,5,A,A,1
554899,1,H,J,4
555185,5,H,J,4
555490,13,H,J,4
555656,2,H,J,4
555706,1,H,J,4
555854,1,M,J,2
555870,1,H,J,4
555946,1,H,J,4
556126,1,H,J,4
556142,1,H,J,4
556241,3,M,J,2
556316,4,H,J,4
556522,2,O,O,0
556845,4,H,J,4
556902,2,H,J,4
557082,1,H,J,4
557181,10,H,J,4
557249,3,H,J,4
557314,3,H,J,4
557462,1,H,J,4
557488,2,H,J,4
557652,9,H,J,4
557892,1,H,J,4
558221,4,H,J,4
558312,1,H,J,4
558361,6,H,J,4
558544,2,O,O,0
558668,5,H,J,4
558734,5,H,J,4
559005,1,H,J,4
559088,4,H,J,4
559260,1,H,J,4
559286,2,H,J,4
559377,12,H,J,4
559500,4,H,J,4
559682,1,H,J,4
559799,3,M,J,2
559849,14,H,J,4
560904,12,H,J,4
562041,5,H,J,4
562082,1,H,J,4
562231,1,H,J,4
562264,2,H,J,4
562371,8,H,J,4
562553,1,H,J,4
562736,8,H,J,4
562819,3,H,J,4
562918,1,H,J,4
562934,3,H,J,4
563221,4,H,J,4
563437,9,H,J,4
563817,4,A,A,1
563874,1,H,J,4
564013,6,H,J,4
564047,2,H,J,4
564054,1,H,J,4
564120,2,H,J,4
564377,5,H,J,4
564419,3,H,J,4
564450,1,H,J,4
564658,6,H,J,4
564757,1,H,J,4
564799,1,H,J,4
564823,1,H,J,4
564831,1,H,J,4
564880,3,H,J,4
566208,1,H,J,4
566620,1,H,J,4
566828,1,H,J,4
566869,1,M,J,2
567099,3,M,J,2
567412,1,M,J,2
568030,1,M,J,2
568204,3,M,J,2
568444,1,M,J,2
568576,2,H,J,4
568865,3,O,O,0
568956,1,M,J,2
569038,1,M,J,2
569095,1,M,J,2
569251,1,A,A,1
569269,1,M,J,2
569434,1,M,J,2
569566,5,M,J,2
569756,1,M,J,2
570242,1,M,J,2
570796,1,M,J,2
570952,1,H,J,4
571083,1,M,J,2
571182,3,H,J,4
571356,1,H,J,4
571653,1,H,J,4
571760,1,M,J,2
572057,1,H,J,4
572131,3,M,J,2
572438,1,H,J,4
572511,1,H,J,4
573014,4,H,J,4
573139,1,M,J,2
573303,1,M,J,2
573378,3,H,J,4
573410,8,H,J,4
573915,2,mixed,J,3
573949,1,A,A,1
574079,1,M,J,2
574152,1,M,J,2
574160,3,M,J,2
574269,2,M,J,2
574434,3,M,J,2
574533,3,H,J,4
574897,1,M,J,2
574970,1,M,J,2
575068,1,M,J,2
575167,11,M,J,2
575217,2,M,J,2
575399,1,M,J,2
576033,1,H,J,4
576249,2,mixed,J,3
576405,1,H,J,4
576504,1,M,J,2
576520,1,M,J,2
576595,1,M,J,2
576645,3,H,J,4
576736,2,M,J,2
576876,1,M,J,2
576942,2,mixed,J,3
577148,1,M,J,2
577353,1,M,J,2
577965,1,H,J,4
578013,3,H,J,4
578336,6,H,J,4
578401,3,M,J,2
578609,1,M,J,2
578856,1,H,J,4
600114,2,O,O,0
600296,2,O,O,0
600387,3,O,O,0
601039,10,O,O,0
601468,3,A,A,1
601526,3,A,A,1
601732,1,A,A,1
601997,3,A,A,1
602086,3,A,A,1
602276,4,A,A,1
602441,3,A,A,1
602896,5,A,A,1
603092,2,A,A,1
603803,2,A,A,1
604066,5,M,J,2
604181,3,H,J,4
605048,2,mixed,J,3
605097,2,M,J,2
605154,1,M,J,2
605196,3,M,J,2
605220,4,M,J,2
605410,4,M,J,2
605485,4,M,J,2
606418,4,H,J,4
606442,6,O,O,0
606798,8,O,O,0
608224,1,H,J,4
608794,5,H,J,4
608836,4,H,J,4
609347,1,M,J,2
609412,3,H,J,4
609719,2,mixed,J,3
700484,2,M,J,2
700500,2,H,J,4
700526,2,M,J,2
700690,3,M,J,2
700997,5,M,J,2
701128,2,O,O,0
701334,2,M,J,2
701540,1,H,J,4
701623,2,mixed,J,3
701904,3,H,J,4
702050,1,M,J,2
702183,5,M,J,2
702209,3,M,J,2
702456,3,M,J,2
702522,3,M,J,2
702803,5,M,J,2
702902,3,M,J,2
703009,2,mixed,J,3
703397,3,M,J,2
703538,2,H,J,4
703751,3,H,J,4
703959,1,H,J,4
703975,1,M,J,2
703991,4,mixed,J,3
704064,2,M,J,2
704106,1,H,J,4
704569,1,H,J,4
704650,2,M,J,2
704874,2,M,J,2
704882,3,H,J,4
704965,2,mixed,J,3
705327,4,M,J,2
705343,4,M,J,2
705871,3,H,J,4
706325,2,mixed,J,3
706374,4,H,J,4
706432,3,H,J,4
707026,4,M,J,2
707034,4,mixed,J,3
707158,2,M,J,2
707216,2,M,J,2
707323,3,H,J,4
707448,3,M,J,2
707455,3,H,J,4
707612,3,M,J,2
707794,2,H,J,4
707968,2,H,J,4
708347,3,M,J,2
708453,4,M,J,2
708545,1,M,J,2
708552,1,H,J,4
708636,2,M,J,2
708677,3,M,J,2
708735,2,H,J,4
709204,4,M,J,2
709451,3,M,J,2
709725,1,M,J,2
709824,3,M,J,2
710236,1,H,J,4
710327,4,H,J,4
710558,4,H,J,4
710640,10,H,J,4
710715,2,H,J,4
710806,5,H,J,4
710954,5,H,J,4
711028,3,M,J,2
711044,3,H,J,4
711333,2,H,J,4
711408,3,H,J,4
711598,3,H,J,4
711671,1,H,J,4
712091,1,H,J,4
712349,15,H,J,4
712562,9,M,J,2
712976,1,H,J,4
713164,10,H,J,4
713198,1,M,J,2
713362,1,H,J,4
713552,2,H,J,4
713693,4,M,J,2
714006,1,H,J,4
714170,4,H,J,4
714592,1,H,J,4
714600,4,H,J,4
714741,2,M,J,2
714949,3,H,J,4
715029,9,H,J,4
715201,5,H,J,4
715243,3,H,J,4
715268,13,H,J,4
715532,11,A,A,1
715565,2,H,J,4
715854,2,H,J,4
715938,1,H,J,4
716100,1,H,J,4
716514,1,M,J,2
716555,1,M,J,2
716837,73,A,A,1
716860,8,H,J,4
716993,1,H,J,4
717033,2,H,J,4
717124,1,H,J,4
717264,1,H,J,4
717314,1,A,A,1
717389,4,H,J,4
717462,1,H,J,4
717611,5,H,J,4
718064,1,H,J,4
718080,1,H,J,4
718106,1,H,J,4
718304,4,H,J,4
718494,2,H,J,4
718619,1,H,J,4
718643,5,H,J,4
718668,4,H,J,4
718726,4,H,J,4
718783,2,mixed,J,3
718908,1,H,J,4
719070,6,H,J,4
719377,2,H,J,4
719419,2,H,J,4
719443,2,M,J,2
719526,2,H,J,4
719880,1,H,J,4
719989,1,H,J,4
720433,2,A,A,1
720490,18,A,A,1
720672,5,H,J,4
720730,6,H,J,4
721027,3,M,J,2
721043,8,A,A,1
721944,1,H,J,4
722900,5,H,J,4
724351,2,H,J,4
724385,1,H,J,4
724518,1,H,J,4
724872,1,M,J,2
725002,9,H,J,4
725051,1,A,A,1
725069,1,M,J,2
725242,2,H,J,4
725341,2,H,J,4
725424,1,A,A,1
725671,4,H,J,4
725788,3,M,J,2
726240,3,M,J,2
726596,2,H,J,4
726851,27,A,A,1
726869,1,H,J,4
727081,2,H,J,4
727651,1,H,J,4
727800,3,H,J,4
727818,1,H,J,4
727958,1,H,J,4
728147,1,M,J,2
728386,2,H,J,4
728436,2,mixed,J,3
728642,1,M,J,2
728709,1,H,J,4
729913,1,M,J,2
730218,5,H,J,4
730358,1,H,J,4
730564,1,H,J,4
730598,6,H,J,4
730838,1,M,J,2
730879,3,H,J,4
730937,1,H,J,4
731422,2,mixed,J,3
731596,1,H,J,4
731646,1,H,J,4
732263,6,H,J,4
732834,1,H,J,4
732966,1,H,J,4
733022,2,H,J,4
733154,4,M,J,2
733295,1,M,J,2
733394,2,M,J,2
733436,1,H,J,4
734319,3,H,J,4
734848,3,M,J,2
735134,2,A,A,1
735381,1,H,J,4
735522,1,H,J,4
736165,1,H,J,4
736272,1,H,J,4
736850,1,H,J,4
736926,5,H,J,4
739706,4,H,J,4
740589,2,H,J,4
741504,1,H,J,4
741884,1,H,J,4
741959,3,H,J,4
742031,6,H,J,4
742106,2,H,J,4
742130,2,H,J,4
742239,1,M,J,2
742437,2,mixed,J,3
742809,1,H,J,4
777706,1,H,J,4
800029,1,M,J,2
800292,3,M,J,2
800342,4,M,J,2
800441,2,M,J,2
800698,1,M,J,2
800813,2,mixed,J,3
800839,4,M,J,2
800854,3,H,J,4
801126,3,M,J,2
801373,6,M,J,2
801720,4,M,J,2
801795,2,M,J,2
801878,4,M,J,2
801993,3,M,J,2
802348,2,M,J,2
802413,1,M,J,2
802504,1,M,J,2
802637,2,M,J,2
802710,1,H,J,4
802793,4,mixed,J,3
802900,5,M,J,2
803429,4,M,J,2
803445,4,M,J,2
803478,3,M,J,2
803650,2,mixed,J,3
803684,2,M,J,2
803973,2,H,J,4
804005,2,H,J,4
804443,3,A,A,1
805358,3,A,A,1
805580,3,H,J,4
805622,4,M,J,2
805630,1,H,J,4
805762,3,M,J,2
805960,6,M,J,2
806273,3,M,J,2
806646,5,M,J,2
807313,5,H,J,4
807412,2,mixed,J,3
807487,4,mixed,J,3
807651,7,M,J,2
808089,3,M,J,2
808451,6,M,J,2
808840,4,A,A,1
808964,2,M,J,2
809467,2,H,J,4
809541,3,H,J,4
809855,5,M,J,2
809954,2,mixed,J,3
872507,1,H,J,4
900167,4,H,J,4
900555,3,M,J,2
900621,3,M,J,2
900795,3,M,J,2
900811,3,M,J,2
900837,1,M,J,2
900894,2,mixed,J,3
901223,1,A,A,1
902486,3,O,O,0
902536,2,M,J,2
902973,3,M,J,2
903005,1,H,J,4
903120,4,M,J,2
903674,2,A,A,1
